Original ID,Raw MetaNetX ID,transport,Final ID
R00006,MNXR146819,0,MNXR146819
R00009,MNXR96455,0,MNXR96455
R00010,MNXR95163,0,MNXR95163
R00014,MNXR102428,0,MNXR102428
R00021,MNXR100245,0,MNXR100245
R00022,MNXR152917,0,MNXR152917
R00026,MNXR146825,0,MNXR146825
R00028,MNXR101350,0,MNXR101350
R00032,MNXR153092,0,MNXR153092
R00036,MNXR103095,0,MNXR103095
R00068,MNXR138065,0,MNXR138065
R00078,MNXR99561,0,MNXR99561
R00081,MNXR151778,0,MNXR151778
R00084,MNXR100658,0,MNXR100658
R00086,MNXR153054,0,MNXR153054
R00089,MNXR95444,0,MNXR95444
R00093,MNXR100289,0,MNXR100289
R00095,MNXR191863,0,MNXR191863
R00100,MNXR146847,0,MNXR146847
R00104,MNXR101882,0,MNXR101882
R00111,MNXR191882,0,MNXR191882
R00112,MNXR101898,0,MNXR101898
R00114,MNXR100291,0,MNXR100291
R00127,MNXR95450,0,MNXR95450
R00130,MNXR190944,0,MNXR190944
R00132,MNXR138493,0,MNXR138493
R00137,MNXR95841,0,MNXR95841
R00139,MNXR106405,0,MNXR106405
R00149,MNXR96884,0,MNXR96884
R00155,MNXR188497,0,MNXR188497
R00156,MNXR188501,0,MNXR188501
R00157,MNXR106413,0,MNXR106413
R00158,MNXR188974,0,MNXR188974
R00161,MNXR95501,0,MNXR95501
R00173,MNXR103368,0,MNXR103368
R00174,MNXR103361,0,MNXR103361
R00177,MNXR188373,0,MNXR188373
R00178,MNXR95455,0,MNXR95455
R00181,MNXR95824,0,MNXR95824
R00183,MNXR188533,0,MNXR188533
R00184,MNXR95857,0,MNXR95857
R00185,MNXR190585,0,MNXR190585
R00187,MNXR96340,0,MNXR96340
R00188,MNXR96321,0,MNXR96321
R00190,MNXR190607,0,MNXR190607
R00191,MNXR95886,0,MNXR95886
R00192,MNXR95492,0,MNXR95492
R00200,MNXR103371,0,MNXR103371
R00209,MNXR188625,0,MNXR188625
R00214,MNXR101443,0,MNXR101443
R00216,MNXR101443~,0,MNXR101443
R00220,MNXR104339,0,MNXR104339
R00226,MNXR146819~,0,MNXR146819
R00235,MNXR190571,0,MNXR190571
R00236,MNXR189030,0,MNXR189030
R00238,MNXR190494,0,MNXR190494
R00239,MNXR100277,0,MNXR100277
R00243,MNXR100086,0,MNXR100086
R00245,MNXR103352,0,MNXR103352
R00248,MNXR100086~,0,MNXR100086
R00251,MNXR138674,0,MNXR138674
R00253,MNXR100024,0,MNXR100024
R00256,MNXR100030,0,MNXR100030
R00257,MNXR97678,0,MNXR97678
R00258,MNXR95698,0,MNXR95698
R00261,MNXR95941,0,MNXR95941
R00267,MNXR100781,0,MNXR100781
R00268,MNXR105305,0,MNXR105305
R00269,MNXR105306,0,MNXR105306
R00274,MNXR100446,0,MNXR100446
R00277,MNXR103355,0,MNXR103355
R00278,MNXR102438,0,MNXR102438
R00286,MNXR152122,0,MNXR152122
R00289,MNXR152166,0,MNXR152166
R00291,MNXR143428,0,MNXR143428
R00299,MNXR100612,0,MNXR100612
R00303,MNXR195425,0,MNXR195425
R00305,MNXR106464,0,MNXR106464
R00306,MNXR151541,0,MNXR151541
R00310,MNXR99471,0,MNXR99471
R00311,MNXR106466,0,MNXR106466
R00316,MNXR105307,0,MNXR105307
R00317,MNXR95427,0,MNXR95427
R00328,MNXR101928,0,MNXR101928
R00330,MNXR96119,0,MNXR96119
R00332,MNXR188119,0,MNXR188119
R00336,MNXR103109,0,MNXR103109
R00342,MNXR101439,0,MNXR101439
R00344,MNXR102391,0,MNXR102391
R00348,MNXR106485,0,MNXR106485
R00351,MNXR96920,0,MNXR96920
R00352,MNXR190533,0,MNXR190533
R00355,MNXR192556,0,MNXR192556
R00359,MNXR97153,0,MNXR97153
R00366,MNXR100352,0,MNXR100352
R00367,MNXR100391,0,MNXR100391
R00369,MNXR95618,0,MNXR95618
R00371,MNXR188139,0,MNXR188139
R00372,MNXR188139~,0,MNXR188139
R00410,MNXR102148,0,MNXR102148
R00416,MNXR146658,0,MNXR146658
R00424,MNXR145138,0,MNXR145138
R00428,MNXR138935,0,MNXR138935
R00430,MNXR188179,0,MNXR188179
R00431,MNXR188627,0,MNXR188627
R00432,MNXR104637,0,MNXR104637
R00434,MNXR189648,0,MNXR189648
R00465,MNXR100332,0,MNXR100332
R00472,MNXR188337,0,MNXR188337
R00475,MNXR100338,0,MNXR100338
R00485,MNXR96056,0,MNXR96056
R00489,MNXR96077,0,MNXR96077
R00494,MNXR100136,0,MNXR100136
R00497,MNXR100450,0,MNXR100450
R00503,MNXR189896,0,MNXR189896
R00508,MNXR190738,0,MNXR190738
R00509,MNXR95159,0,MNXR95159
R00511,MNXR102034,0,MNXR102034
R00512,MNXR97047,0,MNXR97047
R00513,MNXR190860,0,MNXR190860
R00515,MNXR102053,0,MNXR102053
R00517,MNXR190862,0,MNXR190862
R00527,MNXR104357,0,MNXR104357
R00529,MNXR104240,0,MNXR104240
R00533,MNXR104649,0,MNXR104649
R00548,MNXR192636,0,MNXR192636
R00551,MNXR95945,0,MNXR95945
R00554,MNXR95943,0,MNXR95943
R00557,MNXR191213,0,MNXR191213
R00558,MNXR140333,0,MNXR140333
R00570,MNXR188503,0,MNXR188503
R00571,MNXR190281,0,MNXR190281
R00573,MNXR190850,0,MNXR190850
R00575,MNXR96485,0,MNXR96485
R00578,MNXR153021,0,MNXR153021
R00582,MNXR162386,0,MNXR162386
R00585,MNXR104504,0,MNXR104504
R00588,MNXR104361,0,MNXR104361
R00597,MNXR146981,0,MNXR146981
R00602,MNXR103159,0,MNXR103159
R00611,MNXR106604,0,MNXR106604
R00615,MNXR104756,0,MNXR104756
R00619,MNXR104886,0,MNXR104886
R00621,MNXR105310,0,MNXR105310
R00650,MNXR100577,0,MNXR100577
R00658,MNXR97932,0,MNXR97932
R00662,MNXR188547,0,MNXR188547
R00667,MNXR102220,0,MNXR102220
R00669,MNXR95377,0,MNXR95377
R00670,MNXR102209,0,MNXR102209
R00678,MNXR146592,0,MNXR146592
R00685,MNXR101250,0,MNXR101250
R00694,MNXR126234,0,MNXR126234
R00699,MNXR102650,0,MNXR102650
R00703,MNXR101040,0,MNXR101040
R00705,MNXR188441,0,MNXR188441
R00706,MNXR106650,0,MNXR106650
R00707,MNXR102301,0,MNXR102301
R00708,MNXR106651,0,MNXR106651
R00709,MNXR100782,0,MNXR100782
R00710,MNXR95749,0,MNXR95749
R00711,MNXR95750,0,MNXR95750
R00713,MNXR104540,0,MNXR104540
R00714,MNXR104541,0,MNXR104541
R00716,MNXR188818,0,MNXR188818
R00717,MNXR100331,0,MNXR100331
R00720,MNXR102056,0,MNXR102056
R00722,MNXR101941,0,MNXR101941
R00726,MNXR189929,0,MNXR189929
R00727,MNXR147043,0,MNXR147043
R00734,MNXR105000,0,MNXR105000
R00736,MNXR104990,0,MNXR104990
R00742,MNXR95220,0,MNXR95220
R00746,MNXR95726,0,MNXR95726
R00748,MNXR105311,0,MNXR105311
R00751,MNXR104833,0,MNXR104833
R00754,MNXR95725,0,MNXR95725
R00756,MNXR145952,0,MNXR145952
R00760,MNXR106668,0,MNXR106668
R00762,MNXR99465,0,MNXR99465
R00765,MNXR99905,0,MNXR99905
R00768,MNXR144996,0,MNXR144996
R00771,MNXR102535,0,MNXR102535
R00782,MNXR105313,0,MNXR105313
R00794,MNXR145781,0,MNXR145781
R00796,MNXR147055,0,MNXR147055
R00801,MNXR146419,0,MNXR146419
R00802,MNXR146364,0,MNXR146364
R00830,MNXR95695,0,MNXR95695
R00835,MNXR99907,0,MNXR99907
R00842,MNXR99876,0,MNXR99876
R00847,MNXR100348,0,MNXR100348
R00848,MNXR192665,0,MNXR192665
R00851,MNXR147073,0,MNXR147073
R00858,MNXR104650,0,MNXR104650
R00866,MNXR100936,0,MNXR100936
R00867,MNXR106668~,0,MNXR106668
R00875,MNXR104283,0,MNXR104283
R00885,MNXR101375,0,MNXR101375
R00888,MNXR100377,0,MNXR100377
R00891,MNXR105314,0,MNXR105314
R00893,MNXR96993,0,MNXR96993
R00894,MNXR100074,0,MNXR100074
R00896,MNXR153292,0,MNXR153292
R00899,MNXR95828,0,MNXR95828
R00904,MNXR152952,0,MNXR152952
R00905,MNXR96347,0,MNXR96347
R00908,MNXR95862,0,MNXR95862
R00922,MNXR101662,0,MNXR101662
R00925,MNXR95222,0,MNXR95222
R00926,MNXR189036,0,MNXR189036
R00927,MNXR95195,0,MNXR95195
R00935,MNXR101667,0,MNXR101667
R00936,MNXR190916,0,MNXR190916
R00937,MNXR104809,0,MNXR104809
R00939,MNXR97401,0,MNXR97401
R00940,MNXR188902,0,MNXR188902
R00941,MNXR99670,0,MNXR99670
R00942,MNXR143412,0,MNXR143412
R00943,MNXR99672,0,MNXR99672
R00945,MNXR188117,0,MNXR188117
R00955,MNXR152268,0,MNXR152268
R00959,MNXR145963,0,MNXR145963
R00961,MNXR189674,0,MNXR189674
R00963,MNXR102032,0,MNXR102032
R00964,MNXR188986,0,MNXR188986
R00965,MNXR188594,0,MNXR188594
R00966,MNXR105142,0,MNXR105142
R00968,MNXR188988,0,MNXR188988
R00969,MNXR106766,0,MNXR106766
R00978,MNXR97814,0,MNXR97814
R00988,MNXR105316,0,MNXR105316
R00996,MNXR146502,0,MNXR146502
R01000,MNXR139020,0,MNXR139020
R01001,MNXR97012,0,MNXR97012
R01004,MNXR147121,0,MNXR147121
R01005,MNXR152286,0,MNXR152286
R01009,MNXR147131,0,MNXR147131
R01011,MNXR97361,0,MNXR97361
R01013,MNXR147134,0,MNXR147134
R01015,MNXR146573,0,MNXR146573
R01018,MNXR147136,0,MNXR147136
R01021,MNXR96702,0,MNXR96702
R01023,MNXR96666,0,MNXR96666
R01025,MNXR106794,0,MNXR106794
R01026,MNXR95261,0,MNXR95261
R01030,MNXR100410,0,MNXR100410
R01036,MNXR95709,0,MNXR95709
R01039,MNXR100327,0,MNXR100327
R01041,MNXR95711,0,MNXR95711
R01049,MNXR103215,0,MNXR103215
R01051,MNXR189840,0,MNXR189840
R01054,MNXR152012,0,MNXR152012
R01055,MNXR103310,0,MNXR103310
R01056,MNXR189850,0,MNXR189850
R01057,MNXR103115,0,MNXR103115
R01059,MNXR104940,0,MNXR104940
R01061,MNXR100040,0,MNXR100040
R01066,MNXR97787,0,MNXR97787
R01067,MNXR106812,0,MNXR106812
R01068,MNXR153517,0,MNXR153517
R01070,MNXR153517~,0,MNXR153517
R01072,MNXR100287,0,MNXR100287
R01074,MNXR138107,0,MNXR138107
R01077,MNXR96331,0,MNXR96331
R01080,MNXR173048,0,MNXR173048
R01082,MNXR99705,0,MNXR99705
R01083,MNXR190613,0,MNXR190613
R01085,MNXR153629,0,MNXR153629
R01086,MNXR138059,0,MNXR138059
R01090,MNXR192685,0,MNXR192685
R01092,MNXR99985,0,MNXR99985
R01093,MNXR192071,0,MNXR192071
R01095,MNXR100003,0,MNXR100003
R01117,MNXR95295,0,MNXR95295
R01121,MNXR153392,0,MNXR153392
R01122,MNXR147164,0,MNXR147164
R01123,MNXR100796,0,MNXR100796
R01126,MNXR102030,0,MNXR102030
R01127,MNXR100783,0,MNXR100783
R01130,MNXR100830,0,MNXR100830
R01135,MNXR192666,0,MNXR192666
R01137,MNXR101940,0,MNXR101940
R01138,MNXR97145,0,MNXR97145
R01166,MNXR100638,0,MNXR100638
R01167,MNXR100581,0,MNXR100581
R01175,MNXR192394,0,MNXR192394
R01177,MNXR95196,0,MNXR95196
R01184,MNXR100839,0,MNXR100839
R01185,MNXR101570,0,MNXR101570
R01186,MNXR189729,0,MNXR189729
R01187,MNXR195409,0,MNXR195409
R01201,MNXR190109,0,MNXR190109
R01214,MNXR96230,0,MNXR96230
R01218,MNXR188458,0,MNXR188458
R01220,MNXR101749,0,MNXR101749
R01221,MNXR188141,0,MNXR188141
R01224,MNXR145718,0,MNXR145718
R01227,MNXR188143,0,MNXR188143
R01230,MNXR188147,0,MNXR188147
R01231,MNXR188149,0,MNXR188149
R01232,MNXR189108,0,MNXR189108
R01234,MNXR189614,0,MNXR189614
R01248,MNXR102303,0,MNXR102303
R01251,MNXR102302,0,MNXR102302
R01252,MNXR103186,0,MNXR103186
R01262,MNXR147200,0,MNXR147200
R01273,MNXR106899,0,MNXR106899
R01274,MNXR190986,0,MNXR190986
R01278,MNXR95375,0,MNXR95375
R01279,MNXR192392,0,MNXR192392
R01280,MNXR191008,0,MNXR191008
R01281,MNXR188842,0,MNXR188842
R01286,MNXR97018,0,MNXR97018
R01290,MNXR97021,0,MNXR97021
R01310,MNXR192015,0,MNXR192015
R01315,MNXR192077,0,MNXR192077
R01317,MNXR147228,0,MNXR147228
R01318,MNXR147230,0,MNXR147230
R01321,MNXR147237,0,MNXR147237
R01324,MNXR191571,0,MNXR191571
R01325,MNXR105321,0,MNXR105321
R01326,MNXR152967,0,MNXR152967
R01334,MNXR102543,0,MNXR102543
R01348,MNXR106941,0,MNXR106941
R01350,MNXR147264,0,MNXR147264
R01351,MNXR147266,0,MNXR147266
R01352,MNXR147269,0,MNXR147269
R01354,MNXR143445,0,MNXR143445
R01360,MNXR100662,0,MNXR100662
R01361,MNXR96232,0,MNXR96232
R01364,MNXR99706,0,MNXR99706
R01372,MNXR103121,0,MNXR103121
R01383,MNXR106962,0,MNXR106962
R01384,MNXR105068,0,MNXR105068
R01388,MNXR100324,0,MNXR100324
R01392,MNXR100336,0,MNXR100336
R01394,MNXR100692,0,MNXR100692
R01395,MNXR106966,0,MNXR106966
R01397,MNXR96080,0,MNXR96080
R01402,MNXR188451,0,MNXR188451
R01404,MNXR147291,0,MNXR147291
R01415,MNXR97815,0,MNXR97815
R01421,MNXR106983,0,MNXR106983
R01430,MNXR105257,0,MNXR105257
R01431,MNXR105261,0,MNXR105261
R01457,MNXR97801,0,MNXR97801
R01461,MNXR147317,0,MNXR147317
R01462,MNXR147321,0,MNXR147321
R01465,MNXR103402,0,MNXR103402
R01468,MNXR97969,0,MNXR97969
R01470,MNXR145114,0,MNXR145114
R01481,MNXR188187,0,MNXR188187
R01494,MNXR192081,0,MNXR192081
R01495,MNXR192640,0,MNXR192640
R01496,MNXR147349,0,MNXR147349
R01497,MNXR192368,0,MNXR192368
R01498,MNXR191947,0,MNXR191947
R01500,MNXR192611,0,MNXR192611
R01503,MNXR191227,0,MNXR191227
R01512,MNXR102538,0,MNXR102538
R01513,MNXR102527,0,MNXR102527
R01515,MNXR95410,0,MNXR95410
R01518,MNXR102547,0,MNXR102547
R01519,MNXR147357,0,MNXR147357
R01526,MNXR146239,0,MNXR146239
R01528,MNXR100389,0,MNXR100389
R01529,MNXR104083,0,MNXR104083
R01547,MNXR96117,0,MNXR96117
R01558,MNXR102232,0,MNXR102232
R01560,MNXR95432,0,MNXR95432
R01561,MNXR103343,0,MNXR103343
R01565,MNXR107055,0,MNXR107055
R01567,MNXR104885,0,MNXR104885
R01569,MNXR102035,0,MNXR102035
R01579,MNXR107063,0,MNXR107063
R01600,MNXR138482,0,MNXR138482
R01602,MNXR137960,0,MNXR137960
R01608,MNXR94902,0,MNXR94902
R01616,MNXR190468,0,MNXR190468
R01624,MNXR152847,0,MNXR152847
R01625,MNXR147384,0,MNXR147384
R01626,MNXR145555,0,MNXR145555
R01639,MNXR146758,0,MNXR146758
R01641,MNXR152015,0,MNXR152015
R01648,MNXR95186,0,MNXR95186
R01655,MNXR188454,0,MNXR188454
R01658,MNXR97512,0,MNXR97512
R01663,MNXR97185,0,MNXR97185
R01664,MNXR102033,0,MNXR102033
R01665,MNXR97054,0,MNXR97054
R01666,MNXR95433,0,MNXR95433
R01676,MNXR100464,0,MNXR100464
R01678,MNXR189694,0,MNXR189694
R01682,MNXR101032,0,MNXR101032
R01687,MNXR147393,0,MNXR147393
R01698,MNXR100066,0,MNXR100066
R01699,MNXR107129,0,MNXR107129
R01700,MNXR107130,0,MNXR107130
R01701,MNXR107131,0,MNXR107131
R01702,MNXR107132,0,MNXR107132
R01706,MNXR147397,0,MNXR147397
R01709,MNXR103360,0,MNXR103360
R01710,MNXR103365,0,MNXR103365
R01711,MNXR103363,0,MNXR103363
R01718,MNXR107140,0,MNXR107140
R01724,MNXR101909,0,MNXR101909
R01736,MNXR100356,0,MNXR100356
R01752,MNXR100310,0,MNXR100310
R01758,MNXR107157,0,MNXR107157
R01759,MNXR107158,0,MNXR107158
R01768,MNXR100747,0,MNXR100747
R01769,MNXR146743,0,MNXR146743
R01786,MNXR191954,0,MNXR191954
R01787,MNXR104287,0,MNXR104287
R01788,MNXR192089,0,MNXR192089
R01793,MNXR152292,0,MNXR152292
R01794,MNXR152294,0,MNXR152294
R01795,MNXR152297,0,MNXR152297
R01799,MNXR189948,0,MNXR189948
R01801,MNXR189949,0,MNXR189949
R01802,MNXR153159,0,MNXR153159
R01805,MNXR147436,0,MNXR147436
R01811,MNXR190119,0,MNXR190119
R01813,MNXR138942,0,MNXR138942
R01814,MNXR152299,0,MNXR152299
R01815,MNXR152301,0,MNXR152301
R01818,MNXR145703,0,MNXR145703
R01819,MNXR191977,0,MNXR191977
R01827,MNXR112107,0,MNXR112107
R01829,MNXR99461,0,MNXR99461
R01830,MNXR106812~,0,MNXR106812
R01836,MNXR100716,0,MNXR100716
R01837,MNXR100727,0,MNXR100727
R01838,MNXR100717,0,MNXR100717
R01851,MNXR107204,0,MNXR107204
R01857,MNXR96118,0,MNXR96118
R01858,MNXR95613,0,MNXR95613
R01859,MNXR103100,0,MNXR103100
R01863,MNXR132656,0,MNXR132656
R01868,MNXR107211,0,MNXR107211
R01870,MNXR188600,0,MNXR188600
R01876,MNXR133772,0,MNXR133772
R01878,MNXR190856,0,MNXR190856
R01890,MNXR190808,0,MNXR190808
R01896,MNXR146764,0,MNXR146764
R01899,MNXR105340,0,MNXR105340
R01900,MNXR95387,0,MNXR95387
R01904,MNXR151767,0,MNXR151767
R01909,MNXR103362,0,MNXR103362
R01911,MNXR102440,0,MNXR102440
R01920,MNXR190686,0,MNXR190686
R01923,MNXR190744,0,MNXR190744
R01926,MNXR104485,0,MNXR104485
R01933,MNXR190426,0,MNXR190426
R01940,MNXR107241,0,MNXR107241
R01943,MNXR96446,0,MNXR96446
R01954,MNXR138060,0,MNXR138060
R01956,MNXR100948,0,MNXR100948
R01959,MNXR153574,0,MNXR153574
R01960,MNXR100947,0,MNXR100947
R01961,MNXR100613,0,MNXR100613
R01967,MNXR153330,0,MNXR153330
R01968,MNXR102038,0,MNXR102038
R01969,MNXR146176,0,MNXR146176
R01975,MNXR100541,0,MNXR100541
R01978,MNXR100660,0,MNXR100660
R01986,MNXR94991,0,MNXR94991
R01992,MNXR95133,0,MNXR95133
R01993,MNXR97428,0,MNXR97428
R02003,MNXR191085,0,MNXR191085
R02017,MNXR146315,0,MNXR146315
R02018,MNXR146333,0,MNXR146333
R02019,MNXR146321,0,MNXR146321
R02024,MNXR146327,0,MNXR146327
R02030,MNXR151664,0,MNXR151664
R02035,MNXR188641,0,MNXR188641
R02038,MNXR102498,0,MNXR102498
R02050,MNXR107287,0,MNXR107287
R02051,MNXR191234,0,MNXR191234
R02053,MNXR147506,0,MNXR147506
R02055,MNXR192020,0,MNXR192020
R02057,MNXR153166,0,MNXR153166
R02058,MNXR95248,0,MNXR95248
R02059,MNXR95528,0,MNXR95528
R02061,MNXR188115,0,MNXR188115
R02080,MNXR94896,0,MNXR94896
R02082,MNXR145221,0,MNXR145221
R02085,MNXR101513,0,MNXR101513
R02088,MNXR102036,0,MNXR102036
R02089,MNXR97079,0,MNXR97079
R02090,MNXR153326,0,MNXR153326
R02093,MNXR101937,0,MNXR101937
R02094,MNXR97804,0,MNXR97804
R02098,MNXR97804~,0,MNXR97804
R02099,MNXR97817,0,MNXR97817
R02100,MNXR97822,0,MNXR97822
R02101,MNXR104889,0,MNXR104889
R02102,MNXR102028,0,MNXR102028
R02103,MNXR105225,0,MNXR105225
R02106,MNXR146721,0,MNXR146721
R02107,MNXR146741,0,MNXR146741
R02109,MNXR147512,0,MNXR147512
R02110,MNXR147514,0,MNXR147514
R02111,MNXR147516,0,MNXR147516
R02112,R02112,0,R02112
R02123,MNXR103412,0,MNXR103412
R02124,MNXR189842,0,MNXR189842
R02125,MNXR107323,0,MNXR107323
R02135,MNXR104823,0,MNXR104823
R02144,MNXR147535,0,MNXR147535
R02147,MNXR103345,0,MNXR103345
R02164,MNXR107340,0,MNXR107340
R02173,MNXR104952,0,MNXR104952
R02180,MNXR147544,0,MNXR147544
R02181,MNXR107354,0,MNXR107354
R02194,MNXR99582,0,MNXR99582
R02199,MNXR96228,0,MNXR96228
R02207,MNXR147558,0,MNXR147558
R02208,MNXR147561,0,MNXR147561
R02209,MNXR147563,0,MNXR147563
R02216,MNXR145258,0,MNXR145258
R02221,MNXR107386,0,MNXR107386
R02222,MNXR153219,0,MNXR153219
R02235,MNXR97399,0,MNXR97399
R02236,MNXR97401~,0,MNXR97401
R02237,MNXR140043,0,MNXR140043
R02239,MNXR147572,0,MNXR147572
R02240,MNXR147574,0,MNXR147574
R02241,MNXR147577,0,MNXR147577
R02245,MNXR101495,0,MNXR101495
R02250,MNXR147280,0,MNXR147280
R02251,MNXR147588,0,MNXR147588
R02255,MNXR107411,0,MNXR107411
R02264,MNXR124297,0,MNXR124297
R02265,MNXR145967,0,MNXR145967
R02266,MNXR145966,0,MNXR145966
R02268,MNXR104981,0,MNXR104981
R02269,MNXR97432,0,MNXR97432
R02294,MNXR103048,0,MNXR103048
R02295,MNXR102011,0,MNXR102011
R02297,MNXR103349,0,MNXR103349
R02300,MNXR99614,0,MNXR99614
R02301,MNXR153621,0,MNXR153621
R02313,MNXR146787,0,MNXR146787
R02320,MNXR147612,0,MNXR147612
R02323,MNXR188509,0,MNXR188509
R02324,MNXR104069,0,MNXR104069
R02326,MNXR101939,0,MNXR101939
R02331,MNXR101938,0,MNXR101938
R02350,MNXR190966,0,MNXR190966
R02352,MNXR100722,0,MNXR100722
R02353,MNXR100715,0,MNXR100715
R02356,MNXR103638,0,MNXR103638
R02358,MNXR105096,0,MNXR105096
R02366,MNXR147634,0,MNXR147634
R02367,MNXR195415,0,MNXR195415
R02374,MNXR107472,0,MNXR107472
R02382,MNXR104996,0,MNXR104996
R02389,MNXR146698,0,MNXR146698
R02391,MNXR96260,0,MNXR96260
R02393,MNXR153102,0,MNXR153102
R02396,MNXR153276,0,MNXR153276
R02397,MNXR153088,0,MNXR153088
R02401,MNXR102248,0,MNXR102248
R02408,MNXR96943,0,MNXR96943
R02422,MNXR95767,0,MNXR95767
R02425,MNXR107498,0,MNXR107498
R02433,MNXR95161,0,MNXR95161
R02457,MNXR97759,0,MNXR97759
R02464,MNXR188844,0,MNXR188844
R02466,MNXR94978,0,MNXR94978
R02467,MNXR96988,0,MNXR96988
R02478,MNXR105098,0,MNXR105098
R02480,MNXR151700,0,MNXR151700
R02484,MNXR153408,0,MNXR153408
R02485,MNXR97207,0,MNXR97207
R02487,MNXR192595,0,MNXR192595
R02488,MNXR107539,0,MNXR107539
R02493,MNXR103357,0,MNXR103357
R02494,MNXR100763,0,MNXR100763
R02497,MNXR146460,0,MNXR146460
R02499,MNXR107545,0,MNXR107545
R02502,MNXR105099,0,MNXR105099
R02519,MNXR100628,0,MNXR100628
R02521,MNXR94843,0,MNXR94843
R02527,MNXR101008,0,MNXR101008
R02529,MNXR95149,0,MNXR95149
R02530,MNXR100356~,0,MNXR100356
R02531,MNXR152942,0,MNXR152942
R02532,MNXR94988,0,MNXR94988
R02535,MNXR192346,0,MNXR192346
R02536,MNXR152946,0,MNXR152946
R02537,MNXR152944,0,MNXR152944
R02540,MNXR95813,0,MNXR95813
R02541,MNXR192104,0,MNXR192104
R02549,MNXR95191,0,MNXR95191
R02556,MNXR97076,0,MNXR97076
R02557,MNXR103344,0,MNXR103344
R02558,MNXR192109,0,MNXR192109
R02565,MNXR96237,0,MNXR96237
R02566,MNXR96238,0,MNXR96238
R02568,MNXR99460,0,MNXR99460
R02569,MNXR107584,0,MNXR107584
R02570,MNXR107585,0,MNXR107585
R02571,MNXR107586,0,MNXR107586
R02577,MNXR147597,0,MNXR147597
R02580,MNXR107592,0,MNXR107592
R02590,MNXR96867,0,MNXR96867
R02596,MNXR107606,0,MNXR107606
R02613,MNXR102461,0,MNXR102461
R02619,MNXR147724,0,MNXR147724
R02640,MNXR100471,0,MNXR100471
R02657,MNXR105349,0,MNXR105349
R02661,MNXR107648,0,MNXR107648
R02662,MNXR107649,0,MNXR107649
R02670,MNXR191236,0,MNXR191236
R02671,MNXR107656,0,MNXR107656
R02678,MNXR95745,0,MNXR95745
R02681,MNXR107663,0,MNXR107663
R02683,MNXR189137,0,MNXR189137
R02685,MNXR147746,0,MNXR147746
R02687,MNXR147749,0,MNXR147749
R02695,MNXR95004,0,MNXR95004
R02697,MNXR95016,0,MNXR95016
R02701,MNXR151808,0,MNXR151808
R02719,MNXR188525,0,MNXR188525
R02720,MNXR188541,0,MNXR188541
R02731,MNXR147047,0,MNXR147047
R02736,MNXR99906,0,MNXR99906
R02737,MNXR152260,0,MNXR152260
R02739,MNXR99911,0,MNXR99911
R02740,MNXR145972,0,MNXR145972
R02743,MNXR139137,0,MNXR139137
R02746,MNXR147785,0,MNXR147785
R02747,MNXR147779,0,MNXR147779
R02748,MNXR103348,0,MNXR103348
R02749,MNXR103116,0,MNXR103116
R02750,MNXR97781,0,MNXR97781
R02757,MNXR147794,0,MNXR147794
R02778,MNXR104926,0,MNXR104926
R02794,MNXR105352,0,MNXR105352
R02799,MNXR107731,0,MNXR107731
R02805,MNXR107736,0,MNXR107736
R02832,MNXR147871,0,MNXR147871
R02840,MNXR107768,0,MNXR107768
R02869,MNXR96042,0,MNXR96042
R02894,MNXR107807,0,MNXR107807
R02902,MNXR147900,0,MNXR147900
R02908,MNXR95082,0,MNXR95082
R02911,MNXR104535,0,MNXR104535
R02912,MNXR107822,0,MNXR107822
R02918,MNXR146616,0,MNXR146616
R02919,MNXR107825,0,MNXR107825
R02923,MNXR97150,0,MNXR97150
R02933,MNXR188133,0,MNXR188133
R02940,MNXR107839,0,MNXR107839
R02957,MNXR145020,0,MNXR145020
R02971,MNXR95885,0,MNXR95885
R02973,MNXR103049,0,MNXR103049
R02975,MNXR151995,0,MNXR151995
R02976,MNXR188848,0,MNXR188848
R02978,MNXR94866,0,MNXR94866
R02984,MNXR147943,0,MNXR147943
R02985,MNXR192116,0,MNXR192116
R03005,MNXR188513,0,MNXR188513
R03013,MNXR100642,0,MNXR100642
R03018,MNXR103050,0,MNXR103050
R03026,MNXR97883,0,MNXR97883
R03035,MNXR190696,0,MNXR190696
R03038,MNXR147980,0,MNXR147980
R03045,MNXR100691,0,MNXR100691
R03050,MNXR95883,0,MNXR95883
R03055,MNXR97433,0,MNXR97433
R03057,MNXR101246,0,MNXR101246
R03091,MNXR105102,0,MNXR105102
R03096,MNXR154639,0,MNXR154639
R03102,MNXR151528,0,MNXR151528
R03103,MNXR148006,0,MNXR148006
R03104,MNXR101419,0,MNXR101419
R03158,MNXR190438,0,MNXR190438
R03165,MNXR105139,0,MNXR105139
R03172,MNXR108000,0,MNXR108000
R03174,MNXR108002,0,MNXR108002
R03180,MNXR95815,0,MNXR95815
R03181,MNXR101325,0,MNXR101325
R03197,MNXR105140,0,MNXR105140
R03208,MNXR100794,0,MNXR100794
R03220,MNXR96880,0,MNXR96880
R03222,MNXR146109,0,MNXR146109
R03236,MNXR145947,0,MNXR145947
R03237,MNXR105355,0,MNXR105355
R03238,MNXR108040,0,MNXR108040
R03239,MNXR105356,0,MNXR105356
R03245,MNXR103043,0,MNXR103043
R03264,MNXR108058,0,MNXR108058
R03269,MNXR103098,0,MNXR103098
R03270,MNXR108063,0,MNXR108063
R03283,MNXR104876,0,MNXR104876
R03288,MNXR141987,0,MNXR141987
R03291,MNXR100698,0,MNXR100698
R03293,MNXR100699,0,MNXR100699
R03300,MNXR94831,0,MNXR94831
R03302,MNXR94839,0,MNXR94839
R03313,MNXR99896,0,MNXR99896
R03315,MNXR108088,0,MNXR108088
R03316,MNXR108089,0,MNXR108089
R03321,MNXR191976,0,MNXR191976
R03325,MNXR148098,0,MNXR148098
R03327,MNXR100728,0,MNXR100728
R03330,MNXR101563,0,MNXR101563
R03332,MNXR148100,0,MNXR148100
R03346,MNXR102027,0,MNXR102027
R03347,MNXR101960,0,MNXR101960
R03354,MNXR192130,0,MNXR192130
R03355,MNXR148114,0,MNXR148114
R03361,MNXR146068,0,MNXR146068
R03362,MNXR146065,0,MNXR146065
R03363,MNXR146028,0,MNXR146028
R03376,MNXR145920,0,MNXR145920
R03378,MNXR190068,0,MNXR190068
R03380,MNXR108131,0,MNXR108131
R03383,MNXR108133,0,MNXR108133
R03393,MNXR188411,0,MNXR188411
R03394,MNXR101565,0,MNXR101565
R03408,MNXR108152,0,MNXR108152
R03409,MNXR100099,0,MNXR100099
R03416,MNXR148147,0,MNXR148147
R03417,MNXR148149,0,MNXR148149
R03425,MNXR144961,0,MNXR144961
R03427,MNXR188403,0,MNXR188403
R03430,MNXR188287,0,MNXR188287
R03433,MNXR188405,0,MNXR188405
R03434,MNXR101610,0,MNXR101610
R03435,MNXR148155,0,MNXR148155
R03437,MNXR192602,0,MNXR192602
R03438,MNXR151819,0,MNXR151819
R03444,MNXR188379,0,MNXR188379
R03451,MNXR104899,0,MNXR104899
R03469,MNXR189816,0,MNXR189816
R03478,MNXR100888,0,MNXR100888
R03511,MNXR108218,0,MNXR108218
R03522,MNXR151419,0,MNXR151419
R03527,MNXR108230,0,MNXR108230
R03530,MNXR145773,0,MNXR145773
R03531,MNXR102050,0,MNXR102050
R03534,MNXR100626,0,MNXR100626
R03539,MNXR138529,0,MNXR138529
R03595,MNXR146403,0,MNXR146403
R03596,MNXR108282,0,MNXR108282
R03613,MNXR108295,0,MNXR108295
R03629,MNXR148280,0,MNXR148280
R03646,MNXR153018,0,MNXR153018
R03648,MNXR153028,0,MNXR153028
R03650,MNXR153295,0,MNXR153295
R03652,MNXR145061,0,MNXR145061
R03654,MNXR145097,0,MNXR145097
R03655,MNXR145211,0,MNXR145211
R03656,MNXR145293,0,MNXR145293
R03657,MNXR145430,0,MNXR145430
R03658,MNXR145483,0,MNXR145483
R03659,MNXR145598,0,MNXR145598
R03660,MNXR145999,0,MNXR145999
R03661,MNXR146135,0,MNXR146135
R03662,MNXR146417,0,MNXR146417
R03663,MNXR146546,0,MNXR146546
R03664,MNXR146602,0,MNXR146602
R03665,MNXR146737,0,MNXR146737
R03673,MNXR97199,0,MNXR97199
R03681,MNXR152354,0,MNXR152354
R03688,MNXR148300,0,MNXR148300
R03689,MNXR108343,0,MNXR108343
R03719,MNXR104297,0,MNXR104297
R03751,MNXR108397,0,MNXR108397
R03755,MNXR148336,0,MNXR148336
R03756,MNXR148338,0,MNXR148338
R03776,MNXR192338,0,MNXR192338
R03777,MNXR192397,0,MNXR192397
R03778,MNXR95198,0,MNXR95198
R03789,MNXR148354,0,MNXR148354
R03805,MNXR108440,0,MNXR108440
R03815,MNXR144967,0,MNXR144967
R03819,MNXR148380,0,MNXR148380
R03828,MNXR108458,0,MNXR108458
R03856,MNXR190551,0,MNXR190551
R03857,MNXR192389,0,MNXR192389
R03858,MNXR95201,0,MNXR95201
R03862,MNXR108483,0,MNXR108483
R03863,MNXR103764,0,MNXR103764
R03864,MNXR108485,0,MNXR108485
R03866,MNXR148417,0,MNXR148417
R03867,MNXR148421,0,MNXR148421
R03869,MNXR95756,0,MNXR95756
R03871,MNXR108490,0,MNXR108490
R03874,MNXR148428,0,MNXR148428
R03875,MNXR148430,0,MNXR148430
R03899,MNXR103521,0,MNXR103521
R03905,MNXR145056,0,MNXR145056
R03909,MNXR148452,0,MNXR148452
R03916,MNXR148455,0,MNXR148455
R03919,MNXR108527,0,MNXR108527
R03920,MNXR99652,0,MNXR99652
R03922,MNXR108528,0,MNXR108528
R03940,MNXR153588,0,MNXR153588
R03953,MNXR100793,0,MNXR100793
R03955,MNXR108553,0,MNXR108553
R03970,MNXR105361,0,MNXR105361
R03971,MNXR108560,0,MNXR108560
R03973,MNXR138528,0,MNXR138528
R03984,MNXR152018,0,MNXR152018
R03989,MNXR95374,0,MNXR95374
R03990,MNXR192391,0,MNXR192391
R03991,MNXR190505,0,MNXR190505
R04007,MNXR108585,0,MNXR108585
R04025,MNXR95900,0,MNXR95900
R04034,MNXR148521,0,MNXR148521
R04065,MNXR95745~,0,MNXR95745
R04072,MNXR148536,0,MNXR148536
R04085,MNXR108646,0,MNXR108646
R04095,MNXR95318,0,MNXR95318
R04097,MNXR108654,0,MNXR108654
R04112,MNXR108665,0,MNXR108665
R04121,MNXR148563,0,MNXR148563
R04125,MNXR144965,0,MNXR144965
R04137,MNXR97882,0,MNXR97882
R04138,MNXR195395,0,MNXR195395
R04144,MNXR188698,0,MNXR188698
R04162,MNXR108700,0,MNXR108700
R04163,MNXR108701,0,MNXR108701
R04170,MNXR97890,0,MNXR97890
R04171,MNXR108708,0,MNXR108708
R04173,MNXR162393,0,MNXR162393
R04178,MNXR108712,0,MNXR108712
R04188,MNXR108721,0,MNXR108721
R04203,MNXR188214,0,MNXR188214
R04204,MNXR97894,0,MNXR97894
R04208,MNXR138720,0,MNXR138720
R04209,MNXR108735,0,MNXR108735
R04212,MNXR153024,0,MNXR153024
R04215,MNXR146795,0,MNXR146795
R04216,MNXR148603,0,MNXR148603
R04221,MNXR108742,0,MNXR108742
R04224,MNXR151686,0,MNXR151686
R04225,MNXR108745,0,MNXR108745
R04230,MNXR103119,0,MNXR103119
R04247,MNXR190964,0,MNXR190964
R04285,MNXR138943,0,MNXR138943
R04286,MNXR141260,0,MNXR141260
R04300,MNXR94989,0,MNXR94989
R04311,MNXR148645,0,MNXR148645
R04321,MNXR192156,0,MNXR192156
R04322,MNXR148660,0,MNXR148660
R04325,MNXR165700,0,MNXR165700
R04326,MNXR166698,0,MNXR166698
R04352,MNXR105103,0,MNXR105103
R04353,MNXR108835,0,MNXR108835
R04354,MNXR108836,0,MNXR108836
R04355,MNXR145325,0,MNXR145325
R04368,MNXR108846,0,MNXR108846
R04372,MNXR100776,0,MNXR100776
R04378,MNXR152886,0,MNXR152886
R04385,MNXR153112,0,MNXR153112
R04386,MNXR95220~,0,MNXR95220
R04389,MNXR148699,0,MNXR148699
R04391,MNXR95866,0,MNXR95866
R04404,MNXR189810,0,MNXR189810
R04420,MNXR101759,0,MNXR101759
R04428,MNXR152633,0,MNXR152633
R04430,MNXR148727,0,MNXR148727
R04432,MNXR108886,0,MNXR108886
R04435,MNXR95288,0,MNXR95288
R04444,MNXR100683,0,MNXR100683
R04445,MNXR105368,0,MNXR105368
R04452,MNXR192012,0,MNXR192012
R04463,MNXR138721,0,MNXR138721
R04480,MNXR148759,0,MNXR148759
R04491,MNXR152390,0,MNXR152390
R04496,MNXR148770,0,MNXR148770
R04506,MNXR192166,0,MNXR192166
R04507,MNXR192168,0,MNXR192168
R04513,MNXR189787,0,MNXR189787
R04533,MNXR152672,0,MNXR152672
R04534,MNXR152654,0,MNXR152654
R04535,MNXR152618,0,MNXR152618
R04536,MNXR152678,0,MNXR152678
R04537,MNXR152640,0,MNXR152640
R04543,MNXR152665,0,MNXR152665
R04544,MNXR152627,0,MNXR152627
R04545,MNXR189805,0,MNXR189805
R04556,MNXR108964,0,MNXR108964
R04557,MNXR108965,0,MNXR108965
R04559,MNXR108966,0,MNXR108966
R04560,MNXR190625,0,MNXR190625
R04566,MNXR152661,0,MNXR152661
R04568,MNXR152624,0,MNXR152624
R04571,MNXR108971,0,MNXR108971
R04580,MNXR148809,0,MNXR148809
R04591,MNXR138720~,0,MNXR138720
R04603,MNXR148833,0,MNXR148833
R04620,MNXR151843,0,MNXR151843
R04633,MNXR189981,0,MNXR189981
R04666,MNXR96346,0,MNXR96346
R04672,MNXR95883~,0,MNXR95883
R04673,MNXR151559,0,MNXR151559
R04674,MNXR101554,0,MNXR101554
R04678,MNXR109040,0,MNXR109040
R04681,MNXR109041,0,MNXR109041
R04682,MNXR109042,0,MNXR109042
R04683,MNXR188972,0,MNXR188972
R04711,MNXR190436,0,MNXR190436
R04725,MNXR97847,0,MNXR97847
R04726,MNXR148950,0,MNXR148950
R04734,MNXR104802,0,MNXR104802
R04737,MNXR192519,0,MNXR192519
R04738,MNXR192055,0,MNXR192055
R04739,MNXR100547,0,MNXR100547
R04740,MNXR97891,0,MNXR97891
R04741,MNXR100546,0,MNXR100546
R04742,MNXR95199,0,MNXR95199
R04743,MNXR188203,0,MNXR188203
R04744,MNXR153436,0,MNXR153436
R04745,MNXR145162,0,MNXR145162
R04746,MNXR97888,0,MNXR97888
R04747,MNXR190498,0,MNXR190498
R04748,MNXR100543,0,MNXR100543
R04749,MNXR153431,0,MNXR153431
R04751,MNXR192172,0,MNXR192172
R04753,MNXR148962,0,MNXR148962
R04754,MNXR95298,0,MNXR95298
R04756,MNXR189175,0,MNXR189175
R04770,MNXR109104,0,MNXR109104
R04771,MNXR188840,0,MNXR188840
R04773,MNXR148972,0,MNXR148972
R04779,MNXR145952~,0,MNXR145952
R04780,MNXR99465~,0,MNXR99465
R04809,MNXR109133,0,MNXR109133
R04810,MNXR109134,0,MNXR109134
R04811,MNXR188833,0,MNXR188833
R04812,MNXR189058,0,MNXR189058
R04813,MNXR109137,0,MNXR109137
R04849,MNXR109163,0,MNXR109163
R04866,MNXR149012,0,MNXR149012
R04867,MNXR145480,0,MNXR145480
R04870,MNXR109179,0,MNXR109179
R04880,MNXR94833,0,MNXR94833
R04882,MNXR94840,0,MNXR94840
R04883,MNXR94841,0,MNXR94841
R04888,MNXR94912,0,MNXR94912
R04889,MNXR105380,0,MNXR105380
R04890,MNXR94931,0,MNXR94931
R04891,MNXR94928,0,MNXR94928
R04892,MNXR94929,0,MNXR94929
R04893,MNXR101405,0,MNXR101405
R04894,MNXR109199,0,MNXR109199
R04903,MNXR95081,0,MNXR95081
R04904,MNXR95080,0,MNXR95080
R04907,MNXR94907,0,MNXR94907
R04909,MNXR95085,0,MNXR95085
R04911,MNXR143543,0,MNXR143543
R04920,MNXR149034,0,MNXR149034
R04922,MNXR149036,0,MNXR149036
R04928,MNXR95491,0,MNXR95491
R04929,MNXR188836,0,MNXR188836
R04930,MNXR104315,0,MNXR104315
R04935,MNXR149040,0,MNXR149040
R04939,MNXR109236,0,MNXR109236
R04941,MNXR104316,0,MNXR104316
R04942,MNXR104317,0,MNXR104317
R04949,MNXR149042,0,MNXR149042
R04951,MNXR149048,0,MNXR149048
R04952,MNXR149050,0,MNXR149050
R04953,MNXR152675,0,MNXR152675
R04954,MNXR152637,0,MNXR152637
R04956,MNXR149057,0,MNXR149057
R04957,MNXR149060,0,MNXR149060
R04959,MNXR149067,0,MNXR149067
R04960,MNXR149070,0,MNXR149070
R04962,MNXR149076,0,MNXR149076
R04963,MNXR149078,0,MNXR149078
R04964,MNXR152658,0,MNXR152658
R04965,MNXR152621,0,MNXR152621
R04967,MNXR149085,0,MNXR149085
R04968,MNXR149088,0,MNXR149088
R04970,MNXR97856,0,MNXR97856
R04972,MNXR105141,0,MNXR105141
R04979,MNXR139324,0,MNXR139324
R04996,MNXR101326,0,MNXR101326
R04998,MNXR96231,0,MNXR96231
R05046,MNXR138945,0,MNXR138945
R05050,MNXR101805,0,MNXR101805
R05051,MNXR95015,0,MNXR95015
R05052,MNXR148083,0,MNXR148083
R05064,MNXR151623,0,MNXR151623
R05066,MNXR100553,0,MNXR100553
R05085,MNXR102169,0,MNXR102169
R05144,MNXR109351,0,MNXR109351
R05202,MNXR192570,0,MNXR192570
R05231,MNXR109407,0,MNXR109407
R05233,MNXR109409,0,MNXR109409
R05234,MNXR109410,0,MNXR109410
R05259,MNXR109432,0,MNXR109432
R05551,MNXR95816,0,MNXR95816
R05577,MNXR153040,0,MNXR153040
R05578,MNXR145081,0,MNXR145081
R05590,MNXR109702,0,MNXR109702
R05595,MNXR192125,0,MNXR192125
R05616,MNXR100569,0,MNXR100569
R05639,MNXR149263,0,MNXR149263
R05692,MNXR100108,0,MNXR100108
R05700,MNXR96813,0,MNXR96813
R05701,MNXR109771,0,MNXR109771
R05703,MNXR96690,0,MNXR96690
R05707,MNXR153581,0,MNXR153581
R05795,MNXR189813,0,MNXR189813
R05799,MNXR149346,0,MNXR149346
R05800,MNXR95818,0,MNXR95818
R05801,MNXR190666,0,MNXR190666
R05802,MNXR189802,0,MNXR189802
R05804,MNXR100146,0,MNXR100146
R05842,MNXR109878,0,MNXR109878
R05907,MNXR109937,0,MNXR109937
R05908,MNXR145754,0,MNXR145754
R05916,MNXR109940,0,MNXR109940
R05917,MNXR109941,0,MNXR109941
R05918,MNXR109942,0,MNXR109942
R05919,MNXR109943,0,MNXR109943
R05922,MNXR109946,0,MNXR109946
R05924,MNXR109948,0,MNXR109948
R05925,MNXR149415,0,MNXR149415
R05926,MNXR109950,0,MNXR109950
R05927,MNXR144936,0,MNXR144936
R05928,MNXR148838,0,MNXR148838
R05929,MNXR109951,0,MNXR109951
R05930,MNXR149417,0,MNXR149417
R05931,MNXR109953,0,MNXR109953
R05932,MNXR109954,0,MNXR109954
R05933,MNXR109955,0,MNXR109955
R05934,MNXR109956,0,MNXR109956
R05935,MNXR109957,0,MNXR109957
R05936,MNXR109958,0,MNXR109958
R05941,MNXR148847,0,MNXR148847
R05948,MNXR153062,0,MNXR153062
R05953,MNXR153066,0,MNXR153066
R05956,MNXR149125,0,MNXR149125
R05960,MNXR148184,0,MNXR148184
R05963,MNXR148587,0,MNXR148587
R05964,MNXR153068,0,MNXR153068
R05966,MNXR148583,0,MNXR148583
R05969,MNXR147128,0,MNXR147128
R05970,MNXR145029,0,MNXR145029
R05971,MNXR148766,0,MNXR148766
R05972,MNXR148775,0,MNXR148775
R05973,MNXR149101,0,MNXR149101
R05976,MNXR109968,0,MNXR109968
R05977,MNXR153074,0,MNXR153074
R05979,MNXR109970,0,MNXR109970
R05980,MNXR109971,0,MNXR109971
R05981,MNXR109972,0,MNXR109972
R05983,MNXR109974,0,MNXR109974
R05984,MNXR109975,0,MNXR109975
R05985,MNXR109976,0,MNXR109976
R05986,MNXR109977,0,MNXR109977
R05987,MNXR109978,0,MNXR109978
R05988,MNXR109979,0,MNXR109979
R05989,MNXR109980,0,MNXR109980
R05990,MNXR109981,0,MNXR109981
R06004,MNXR148822,0,MNXR148822
R06006,MNXR153070,0,MNXR153070
R06010,MNXR148853,0,MNXR148853
R06015,MNXR109984,0,MNXR109984
R06033,MNXR109996,0,MNXR109996
R06067,MNXR146692,0,MNXR146692
R06087,MNXR146419~,0,MNXR146419
R06088,MNXR146364~,0,MNXR146364
R06114,MNXR189692,0,MNXR189692
R06127,MNXR110030,0,MNXR110030
R06128,MNXR110031,0,MNXR110031
R06171,MNXR104834,0,MNXR104834
R06188,MNXR148796,0,MNXR148796
R06238,MNXR110084,0,MNXR110084
R06258,MNXR110092,0,MNXR110092
R06259,MNXR110093,0,MNXR110093
R06260,MNXR110094,0,MNXR110094
R06261,MNXR110095,0,MNXR110095
R06262,MNXR110096,0,MNXR110096
R06263,MNXR110097,0,MNXR110097
R06264,MNXR110098,0,MNXR110098
R06275,MNXR152265,0,MNXR152265
R06276,MNXR148112,0,MNXR148112
R06277,MNXR147352,0,MNXR147352
R06364,MNXR149543,0,MNXR149543
R06516,MNXR146423,0,MNXR146423
R06517,MNXR149606,0,MNXR149606
R06518,MNXR149608,0,MNXR149608
R06519,MNXR110317,0,MNXR110317
R06520,MNXR104280,0,MNXR104280
R06521,MNXR104282,0,MNXR104282
R06522,MNXR192622,0,MNXR192622
R06528,MNXR149621,0,MNXR149621
R06583,MNXR110369,0,MNXR110369
R06590,MNXR143581,0,MNXR143581
R06601,MNXR100652,0,MNXR100652
R06604,MNXR110386,0,MNXR110386
R06722,MNXR110483,0,MNXR110483
R06728,MNXR190826,0,MNXR190826
R06865,MNXR191286,0,MNXR191286
R06875,MNXR189793,0,MNXR189793
R06917,MNXR110642,0,MNXR110642
R06927,MNXR110652,0,MNXR110652
R06941,MNXR100555,0,MNXR100555
R06942,MNXR152450,0,MNXR152450
R06957,MNXR110680,0,MNXR110680
R06983,MNXR105463,0,MNXR105463
R06985,MNXR149721,0,MNXR149721
R07002,MNXR110715,0,MNXR110715
R07003,MNXR110716,0,MNXR110716
R07004,MNXR110717,0,MNXR110717
R07015,MNXR97389,0,MNXR97389
R07023,MNXR110735,0,MNXR110735
R07024,MNXR110736,0,MNXR110736
R07025,MNXR110737,0,MNXR110737
R07026,MNXR110738,0,MNXR110738
R07034,MNXR142118,0,MNXR142118
R07035,MNXR110746,0,MNXR110746
R07041,MNXR145871,0,MNXR145871
R07042,MNXR110752,0,MNXR110752
R07043,MNXR110753,0,MNXR110753
R07044,MNXR110754,0,MNXR110754
R07045,MNXR110755,0,MNXR110755
R07046,MNXR149744,0,MNXR149744
R07048,MNXR110758,0,MNXR110758
R07050,MNXR110760,0,MNXR110760
R07051,MNXR110761,0,MNXR110761
R07052,MNXR110762,0,MNXR110762
R07055,MNXR110765,0,MNXR110765
R07056,MNXR110766,0,MNXR110766
R07064,MNXR149748,0,MNXR149748
R07069,MNXR110777,0,MNXR110777
R07070,MNXR110778,0,MNXR110778
R07083,MNXR110791,0,MNXR110791
R07084,MNXR110792,0,MNXR110792
R07091,MNXR110799,0,MNXR110799
R07092,MNXR110800,0,MNXR110800
R07093,MNXR110801,0,MNXR110801
R07094,MNXR110802,0,MNXR110802
R07100,MNXR110808,0,MNXR110808
R07104,MNXR110812,0,MNXR110812
R07105,MNXR110813,0,MNXR110813
R07106,MNXR110814,0,MNXR110814
R07108,MNXR110816,0,MNXR110816
R07109,MNXR110817,0,MNXR110817
R07110,MNXR110818,0,MNXR110818
R07111,MNXR110819,0,MNXR110819
R07113,MNXR110821,0,MNXR110821
R07116,MNXR110824,0,MNXR110824
R07129,MNXR110833,0,MNXR110833
R07136,MNXR110837,0,MNXR110837
R07162,MNXR149773,0,MNXR149773
R07207,MNXR145868,0,MNXR145868
R07211,MNXR151736,0,MNXR151736
R07212,MNXR151758,0,MNXR151758
R07213,MNXR152454,0,MNXR152454
R07215,MNXR149811,0,MNXR149811
R07273,MNXR110956,0,MNXR110956
R07288,MNXR110966,0,MNXR110966
R07299,MNXR189795,0,MNXR189795
R07324,MNXR195410,0,MNXR195410
R07336,MNXR111000,0,MNXR111000
R07363,MNXR152744,0,MNXR152744
R07364,MNXR97494,0,MNXR97494
R07377,MNXR192023,0,MNXR192023
R07379,MNXR149898,0,MNXR149898
R07384,MNXR111041,0,MNXR111041
R07385,MNXR111042,0,MNXR111042
R07387,MNXR151909,0,MNXR151909
R07389,MNXR192356,0,MNXR192356
R07392,MNXR125830,0,MNXR125830
R07395,MNXR100653,0,MNXR100653
R07396,MNXR95923,0,MNXR95923
R07400,MNXR111049,0,MNXR111049
R07411,MNXR100596,0,MNXR100596
R07412,MNXR145185,0,MNXR145185
R07441,MNXR111076,0,MNXR111076
R07442,MNXR111077,0,MNXR111077
R07443,MNXR111078,0,MNXR111078
R07459,MNXR111093,0,MNXR111093
R07460,MNXR111094,0,MNXR111094
R07461,MNXR111095,0,MNXR111095
R07486,MNXR149939,0,MNXR149939
R07488,MNXR149944,0,MNXR149944
R07491,MNXR111126,0,MNXR111126
R07493,MNXR151960,0,MNXR151960
R07498,MNXR105284,0,MNXR105284
R07499,MNXR111125,0,MNXR111125
R07507,MNXR97222,0,MNXR97222
R07599,MNXR145675,0,MNXR145675
R07600,MNXR111208,0,MNXR111208
R07601,MNXR145679,0,MNXR145679
R07602,MNXR111209,0,MNXR111209
R07603,MNXR145677,0,MNXR145677
R07604,MNXR111210,0,MNXR111210
R07617,MNXR111219,0,MNXR111219
R07618,MNXR111220,0,MNXR111220
R07620,MNXR111222,0,MNXR111222
R07628,MNXR111230,0,MNXR111230
R07674,MNXR150034,0,MNXR150034
R07675,MNXR150036,0,MNXR150036
R07758,MNXR94939,0,MNXR94939
R07759,MNXR188758,0,MNXR188758
R07760,MNXR103466,0,MNXR103466
R07761,MNXR190960,0,MNXR190960
R07762,MNXR150058,0,MNXR150058
R07763,MNXR111352,0,MNXR111352
R07767,MNXR111355,0,MNXR111355
R07771,MNXR150069,0,MNXR150069
R07807,MNXR111392,0,MNXR111392
R07808,MNXR111393,0,MNXR111393
R07809,MNXR111394,0,MNXR111394
R07810,MNXR111395,0,MNXR111395
R07812,MNXR111397,0,MNXR111397
R07813,MNXR111398,0,MNXR111398
R07814,MNXR111399,0,MNXR111399
R07815,MNXR111400,0,MNXR111400
R07816,MNXR111401,0,MNXR111401
R07818,MNXR111403,0,MNXR111403
R07819,MNXR111404,0,MNXR111404
R07821,MNXR111406,0,MNXR111406
R07822,MNXR111407,0,MNXR111407
R07823,MNXR111408,0,MNXR111408
R07824,MNXR111409,0,MNXR111409
R07825,MNXR111410,0,MNXR111410
R07859,MNXR150095,0,MNXR150095
R07887,MNXR111470,0,MNXR111470
R07888,MNXR192230,0,MNXR192230
R07892,MNXR192232,0,MNXR192232
R07896,MNXR192234,0,MNXR192234
R07934,MNXR150111,0,MNXR150111
R07935,MNXR189193,0,MNXR189193
R07936,MNXR189195,0,MNXR189195
R07937,MNXR111520,0,MNXR111520
R07942,MNXR111525,0,MNXR111525
R07950,MNXR150113,0,MNXR150113
R07951,MNXR150115,0,MNXR150115
R07952,MNXR150117,0,MNXR150117
R07953,MNXR111536,0,MNXR111536
R07977,MNXR111560,0,MNXR111560
R07978,MNXR111561,0,MNXR111561
R07979,MNXR111562,0,MNXR111562
R07981,MNXR111564,0,MNXR111564
R08090,MNXR111669,0,MNXR111669
R08094,MNXR111673,0,MNXR111673
R08107,MNXR111686,0,MNXR111686
R08127,MNXR111706,0,MNXR111706
R08132,MNXR111710,0,MNXR111710
R08133,MNXR111711,0,MNXR111711
R08134,MNXR111712,0,MNXR111712
R08135,MNXR111713,0,MNXR111713
R08136,MNXR111714,0,MNXR111714
R08138,MNXR111716,0,MNXR111716
R08139,MNXR111717,0,MNXR111717
R08143,MNXR150145,0,MNXR150145
R08144,MNXR111722,0,MNXR111722
R08147,MNXR111725,0,MNXR111725
R08148,MNXR150147,0,MNXR150147
R08149,MNXR111727,0,MNXR111727
R08150,MNXR111728,0,MNXR111728
R08151,MNXR111729,0,MNXR111729
R08152,MNXR111730,0,MNXR111730
R08153,MNXR111731,0,MNXR111731
R08154,MNXR111732,0,MNXR111732
R08159,MNXR150156,0,MNXR150156
R08193,MNXR95250,0,MNXR95250
R08208,MNXR138834,0,MNXR138834
R08218,MNXR111783,0,MNXR111783
R08220,MNXR111784,0,MNXR111784
R08221,MNXR111785,0,MNXR111785
R08223,MNXR150185,0,MNXR150185
R08224,MNXR111788,0,MNXR111788
R08226,MNXR95070,0,MNXR95070
R08227,MNXR95055,0,MNXR95055
R08228,MNXR95504,0,MNXR95504
R08229,MNXR111790,0,MNXR111790
R08231,MNXR190472,0,MNXR190472
R08232,MNXR111792,0,MNXR111792
R08235,MNXR111795,0,MNXR111795
R08240,MNXR95106,0,MNXR95106
R08243,MNXR111800,0,MNXR111800
R08244,MNXR95107,0,MNXR95107
R08249,MNXR111804,0,MNXR111804
R08251,MNXR111806,0,MNXR111806
R08255,MNXR111810,0,MNXR111810
R08258,MNXR111813,0,MNXR111813
R08259,MNXR111814,0,MNXR111814
R08260,MNXR111815,0,MNXR111815
R08261,MNXR111816,0,MNXR111816
R08262,MNXR150200,0,MNXR150200
R08263,MNXR150202,0,MNXR150202
R08266,MNXR111821,0,MNXR111821
R08280,MNXR111835,0,MNXR111835
R08281,MNXR111836,0,MNXR111836
R08282,MNXR111837,0,MNXR111837
R08283,MNXR111838,0,MNXR111838
R08306,MNXR111858,0,MNXR111858
R08307,MNXR111859,0,MNXR111859
R08310,MNXR111862,0,MNXR111862
R08346,MNXR96727,0,MNXR96727
R08347,MNXR111898,0,MNXR111898
R08348,MNXR97217,0,MNXR97217
R08349,MNXR96724,0,MNXR96724
R08359,MNXR190692,0,MNXR190692
R08360,MNXR150214,0,MNXR150214
R08362,MNXR150216,0,MNXR150216
R08363,MNXR150218,0,MNXR150218
R08364,MNXR150220,0,MNXR150220
R08379,MNXR189844,0,MNXR189844
R08380,MNXR96890,0,MNXR96890
R08381,MNXR150228,0,MNXR150228
R08383,MNXR103442,0,MNXR103442
R08384,MNXR150231,0,MNXR150231
R08385,MNXR103565,0,MNXR103565
R08388,MNXR150239,0,MNXR150239
R08390,MNXR146274,0,MNXR146274
R08391,MNXR111936,0,MNXR111936
R08392,MNXR192026,0,MNXR192026
R08408,MNXR111953,0,MNXR111953
R08549,MNXR95655,0,MNXR95655
R08572,MNXR100329,0,MNXR100329
R08615,MNXR105069,0,MNXR105069
R08622,MNXR150355,0,MNXR150355
R08626,MNXR150357,0,MNXR150357
R08639,MNXR102548,0,MNXR102548
R08648,MNXR151587,0,MNXR151587
R08678,MNXR112193,0,MNXR112193
R08717,MNXR112230,0,MNXR112230
R08718,MNXR112231,0,MNXR112231
R08733,MNXR189012,0,MNXR189012
R08734,MNXR95799,0,MNXR95799
R08738,MNXR192168~,0,MNXR192168
R08739,MNXR112243,0,MNXR112243
R08743,MNXR189054,0,MNXR189054
R08945,MNXR112435,0,MNXR112435
R08954,MNXR112444,0,MNXR112444
R08955,MNXR112445,0,MNXR112445
R08957,MNXR149752,0,MNXR149752
R08958,MNXR112447,0,MNXR112447
R08959,MNXR112448,0,MNXR112448
R08960,MNXR112449,0,MNXR112449
R08964,MNXR112453,0,MNXR112453
R08967,MNXR95241,0,MNXR95241
R08969,MNXR150471,0,MNXR150471
R08980,MNXR112467,0,MNXR112467
R08981,MNXR189807,0,MNXR189807
R09034,MNXR112486,0,MNXR112486
R09035,MNXR112487,0,MNXR112487
R09036,MNXR112488,0,MNXR112488
R09037,MNXR139666,0,MNXR139666
R09074,MNXR103519,0,MNXR103519
R09076,MNXR146094,0,MNXR146094
R09077,MNXR112523,0,MNXR112523
R09085,MNXR191951,0,MNXR191951
R09086,MNXR112530,0,MNXR112530
R09087,MNXR188413,0,MNXR188413
R09099,MNXR112540,0,MNXR112540
R09249,MNXR190212,0,MNXR190212
R09281,MNXR145015,0,MNXR145015
R09290,MNXR112722,0,MNXR112722
R09295,MNXR112726,0,MNXR112726
R09296,MNXR112727,0,MNXR112727
R09298,MNXR112729,0,MNXR112729
R09299,MNXR112730,0,MNXR112730
R09304,MNXR112735,0,MNXR112735
R09315,MNXR143668,0,MNXR143668
R09316,MNXR143669,0,MNXR143669
R09318,MNXR112749,0,MNXR112749
R09319,MNXR112750,0,MNXR112750
R09323,MNXR112753,0,MNXR112753
R09324,MNXR112754,0,MNXR112754
R09366,MNXR191358,0,MNXR191358
R09372,MNXR112800,0,MNXR112800
R09373,MNXR112801,0,MNXR112801
R09377,MNXR112805,0,MNXR112805
R09380,MNXR150522,0,MNXR150522
R09381,MNXR150525,0,MNXR150525
R09382,MNXR150527,0,MNXR150527
R09383,MNXR112811,0,MNXR112811
R09384,MNXR112812,0,MNXR112812
R09386,MNXR112814,0,MNXR112814
R09394,MNXR112822,0,MNXR112822
R09409,MNXR112833,0,MNXR112833
R09419,MNXR112843,0,MNXR112843
R09420,MNXR112844,0,MNXR112844
R09426,MNXR112850,0,MNXR112850
R09427,MNXR112851,0,MNXR112851
R09428,MNXR112852,0,MNXR112852
R09449,MNXR112872,0,MNXR112872
R09470,MNXR112893,0,MNXR112893
R09515,MNXR150547,0,MNXR150547
R09516,MNXR150549,0,MNXR150549
R09520,MNXR192652,0,MNXR192652
R09532,MNXR112951,0,MNXR112951
R09672,MNXR113086,0,MNXR113086
R09673,MNXR113087,0,MNXR113087
R09676,MNXR150594,0,MNXR150594
R09698,MNXR150602,0,MNXR150602
R09726,MNXR101730,0,MNXR101730
R09735,MNXR151954,0,MNXR151954
R09755,MNXR153075,0,MNXR153075
R09761,MNXR113168,0,MNXR113168
R09762,MNXR143682,0,MNXR143682
R09827,MNXR189790,0,MNXR189790
R09844,MNXR150656,0,MNXR150656
R09845,MNXR113246,0,MNXR113246
R09875,MNXR100134,0,MNXR100134
R09959,MNXR95095,0,MNXR95095
R09991,MNXR113381,0,MNXR113381
R09992,MNXR143688,0,MNXR143688
R10035,MNXR113420,0,MNXR113420
R10039,MNXR113424,0,MNXR113424
R10040,MNXR113425,0,MNXR113425
R10046,MNXR113431,0,MNXR113431
R10056,MNXR113439,0,MNXR113439
R10065,MNXR189231,0,MNXR189231
R10074,MNXR113456,0,MNXR113456
R10086,MNXR113463,0,MNXR113463
R10092,MNXR138493~,0,MNXR138493
R10115,MNXR150749,0,MNXR150749
R10116,MNXR150751,0,MNXR150751
R10119,MNXR150753,0,MNXR150753
R10120,MNXR150755,0,MNXR150755
R10138,MNXR113507,0,MNXR113507
R10139,MNXR113508,0,MNXR113508
R10183,MNXR105031,0,MNXR105031
R10221,MNXR113581,0,MNXR113581
R10231,MNXR113590,0,MNXR113590
R10242,MNXR104531,0,MNXR104531
R10270,MNXR151227,0,MNXR151227
R10455,MNXR150851,0,MNXR150851
R10463,MNXR113802,0,MNXR113802
R10507,MNXR103187,0,MNXR103187
R10548,MNXR113879,0,MNXR113879
R10553,MNXR150869,0,MNXR150869
R10563,MNXR95710,0,MNXR95710
R10586,MNXR113913,0,MNXR113913
R10587,MNXR113914,0,MNXR113914
R10619,MNXR113944,0,MNXR113944
R10633,MNXR113957,0,MNXR113957
R10634,MNXR113958,0,MNXR113958
R10648,MNXR113969,0,MNXR113969
R10649,MNXR113970,0,MNXR113970
R10652,MNXR113973,0,MNXR113973
R10804,MNXR114120,0,MNXR114120
R10806,MNXR114122,0,MNXR114122
R10812,MNXR114127,0,MNXR114127
R10814,MNXR114129,0,MNXR114129
R10815,MNXR114130,0,MNXR114130
R10825,MNXR114140,0,MNXR114140
R10826,MNXR114141,0,MNXR114141
R10827,MNXR114142,0,MNXR114142
R10828,MNXR114143,0,MNXR114143
R10830,MNXR114145,0,MNXR114145
R10907,MNXR114219,0,MNXR114219
R10925,MNXR150959,0,MNXR150959
R10928,MNXR189797,0,MNXR189797
R10948,MNXR114256,0,MNXR114256
R10949,MNXR114257,0,MNXR114257
R10950,MNXR188399,0,MNXR188399
R10951,MNXR146071,0,MNXR146071
R10952,MNXR150961,0,MNXR150961
R10953,MNXR101558,0,MNXR101558
R10991,MNXR103594,0,MNXR103594
R10992,MNXR114296,0,MNXR114296
R10993,MNXR114297,0,MNXR114297
R10994,MNXR114298,0,MNXR114298
R10996,MNXR114300,0,MNXR114300
R10997,MNXR114301,0,MNXR114301
R10998,MNXR114302,0,MNXR114302
R11007,MNXR114311,0,MNXR114311
R11008,MNXR114312,0,MNXR114312
R11030,MNXR114333,0,MNXR114333
R11096,MNXR151961,0,MNXR151961
R11165,MNXR151019,0,MNXR151019
R11166,MNXR114465,0,MNXR114465
R11180,MNXR114478,0,MNXR114478
R11201,MNXR114499,0,MNXR114499
R11202,MNXR114500,0,MNXR114500
R11216,MNXR114514,0,MNXR114514
R11217,MNXR114515,0,MNXR114515
R11218,MNXR114516,0,MNXR114516
R11219,MNXR114517,0,MNXR114517
R11220,MNXR114518,0,MNXR114518
R11221,MNXR114519,0,MNXR114519
R11262,MNXR114560,0,MNXR114560
R11316,MNXR114614,0,MNXR114614
R11317,MNXR114615,0,MNXR114615
R11318,MNXR114616,0,MNXR114616
R11319,MNXR114617,0,MNXR114617
R11323,MNXR97809,0,MNXR97809
R11329,MNXR114626,0,MNXR114626
R11372,MNXR114669,0,MNXR114669
R11375,MNXR114672,0,MNXR114672
R11376,MNXR114673,0,MNXR114673
R11377,MNXR114674,0,MNXR114674
R11399,MNXR114696,0,MNXR114696
R11439,MNXR151053,0,MNXR151053
R11441,MNXR151055,0,MNXR151055
R11527,MNXR114821,0,MNXR114821
R11528,MNXR114822,0,MNXR114822
R11529,R11529,0,R11529
R11559,MNXR114852,0,MNXR114852
R11560,MNXR114853,0,MNXR114853
R11583,MNXR114875,0,MNXR114875
R11593,MNXR169718,0,MNXR169718
R11671,MNXR163428,0,MNXR163428
R11680,MNXR163432,0,MNXR163432
R11762,MNXR163475,0,MNXR163475
R11763,MNXR163476,0,MNXR163476
R11764,MNXR163477,0,MNXR163477
R11765,MNXR163478,0,MNXR163478
R11861,MNXR169084,0,MNXR169084
R11891,MNXR163522,0,MNXR163522
R11892,MNXR163523,0,MNXR163523
R11893,MNXR163524,0,MNXR163524
R11894,MNXR163525,0,MNXR163525
R11895,MNXR163526,0,MNXR163526
R11896,MNXR163527,0,MNXR163527
R11906,MNXR163534,0,MNXR163534
R11916,MNXR170522,0,MNXR170522
R11929,MNXR163547,0,MNXR163547
R11934,MNXR170532,0,MNXR170532
R11935,MNXR170533,0,MNXR170533
R11936,MNXR170534,0,MNXR170534
R12011,MNXR163599,0,MNXR163599
R12024,MNXR170304,0,MNXR170304
R12124,MNXR190328,0,MNXR190328
R12173,MNXR163688,0,MNXR163688
R12188,MNXR163698,0,MNXR163698
R12295,MNXR163760,0,MNXR163760
R12296,MNXR163761,0,MNXR163761
R12299,MNXR163764,0,MNXR163764
R12300,MNXR191507,0,MNXR191507
R12350,MNXR163790,0,MNXR163790
R12351,MNXR163791,0,MNXR163791
R12356,MNXR119750,0,MNXR119750
R12417,MNXR119582,0,MNXR119582
R12423,MNXR163831,0,MNXR163831
R12424,MNXR163832,0,MNXR163832
R12427,MNXR163835,0,MNXR163835
R12428,MNXR163836,0,MNXR163836
R12432,MNXR163840,0,MNXR163840
R12450,MNXR163854,0,MNXR163854
R12479,MNXR163866,0,MNXR163866
R12482,MNXR163868,0,MNXR163868
R12578,MNXR192715,0,MNXR192715
R12594,MNXR117623,0,MNXR117623
R12637,MNXR192748,0,MNXR192748
R12702,MNXR192780,0,MNXR192780
R12768,R12768,0,R12768
R12851,R12851,0,R12851
R12852,R12852,0,R12852
R12853,R12853,0,R12853
R12958,R12958,0,R12958
R12959,R12959,0,R12959
R12963,R12963,0,R12963
R12987,R12987,0,R12987
R12988,R12988,0,R12988
R12989,R12989,0,R12989
R12990,R12990,0,R12990
R13041,R13041,0,R13041
R13042,R13042,0,R13042
R13043,R13043,0,R13043
R13046,R13046,0,R13046
R13047,R13047,0,R13047
R13048,R13048,0,R13048
R13051,R13051,0,R13051
R13052,R13052,0,R13052
R13065,R13065,0,R13065
R13081,R13081,0,R13081
R00647,MNXR138981,0,MNXR138981
R01652,MNXR102180,0,MNXR102180
R02317,MNXR147607,0,MNXR147607
R02962,MNXR97753,0,MNXR97753
R03166,MNXR146710,0,MNXR146710
R03186,MNXR191896,0,MNXR191896
R03445,MNXR100949,0,MNXR100949
R03672,MNXR108328,0,MNXR108328
R03674,MNXR148291,0,MNXR148291
R03758,MNXR95851,0,MNXR95851
R03954,MNXR108552,0,MNXR108552
R04500,MNXR108928,0,MNXR108928
R04578,MNXR108976,0,MNXR108976
R04639,MNXR105370,0,MNXR105370
R04701,MNXR148919,0,MNXR148919
R04769,MNXR148970,0,MNXR148970
R05041,R05041,0,R05041
R05048,MNXR189060,0,MNXR189060
R05098,MNXR109316,0,MNXR109316
R05455,MNXR109602,0,MNXR109602
R05483,MNXR109624,0,MNXR109624
R05484,MNXR109625,0,MNXR109625
R05824,MNXR109862,0,MNXR109862
R05826,MNXR149358,0,MNXR149358
R05844,MNXR109880,0,MNXR109880
R05845,MNXR109881,0,MNXR109881
R05846,MNXR109882,0,MNXR109882
R05887,MNXR109917,0,MNXR109917
R05889,MNXR109919,0,MNXR109919
R06063,MNXR110012,0,MNXR110012
R06064,MNXR110013,0,MNXR110013
R06194,R06194,0,R06194
R06650,MNXR110420,0,MNXR110420
R06830,MNXR110575,0,MNXR110575
R06982,MNXR105462,0,MNXR105462
R07009,MNXR110722,0,MNXR110722
R07010,MNXR110723,0,MNXR110723
R07011,MNXR110724,0,MNXR110724
R07012,MNXR110725,0,MNXR110725
R07198,MNXR149792,0,MNXR149792
R07316,MNXR96481,0,MNXR96481
R07406,MNXR111054,0,MNXR111054
R07679,MNXR152478,0,MNXR152478
R07947,MNXR139574,0,MNXR139574
R07948,MNXR143635,0,MNXR143635
R08020,MNXR111603,0,MNXR111603
R08279,MNXR111834,0,MNXR111834
R08289,MNXR111844,0,MNXR111844
R08358,MNXR143646,0,MNXR143646
R08361,MNXR111909,0,MNXR111909
R08372,MNXR111918,0,MNXR111918
R08637,MNXR112157,0,MNXR112157
R08698,MNXR94778,0,MNXR94778
R08818,MNXR112312,0,MNXR112312
R08820,MNXR112314,0,MNXR112314
R08821,MNXR112315,0,MNXR112315
R08825,MNXR112319,0,MNXR112319
R08827,MNXR112321,0,MNXR112321
R08829,MNXR112323,0,MNXR112323
R08831,MNXR112325,0,MNXR112325
R08833,MNXR112327,0,MNXR112327
R08834,MNXR112328,0,MNXR112328
R08835,MNXR112329,0,MNXR112329
R08837,MNXR112330,0,MNXR112330
R08976,MNXR112463,0,MNXR112463
R09142,MNXR112579,0,MNXR112579
R09143,MNXR112580,0,MNXR112580
R09144,MNXR112581,0,MNXR112581
R09145,MNXR112582,0,MNXR112582
R09149,MNXR112586,0,MNXR112586
R09274,MNXR112709,0,MNXR112709
R09367,MNXR146401,0,MNXR146401
R09368,MNXR112796,0,MNXR112796
R09391,MNXR112819,0,MNXR112819
R09392,MNXR112820,0,MNXR112820
R09431,MNXR112855,0,MNXR112855
R09432,MNXR112856,0,MNXR112856
R09433,MNXR112857,0,MNXR112857
R09434,MNXR112858,0,MNXR112858
R09885,MNXR113283,0,MNXR113283
R09981,MNXR113372,0,MNXR113372
R10013,MNXR113401,0,MNXR113401
R10018,MNXR163380,0,MNXR163380
R10022,MNXR113407,0,MNXR113407
R10030,MNXR113415,0,MNXR113415
R10034,MNXR113419,0,MNXR113419
R10041,MNXR113426,0,MNXR113426
R10078,MNXR113459,0,MNXR113459
R10082,MNXR143691,0,MNXR143691
R10097,MNXR113472,0,MNXR113472
R10245,MNXR113603,0,MNXR113603
R10302,MNXR113658,0,MNXR113658
R10792,MNXR114108,0,MNXR114108
R10854,MNXR114168,0,MNXR114168
R10856,MNXR114170,0,MNXR114170
R10914,MNXR139830,0,MNXR139830
R11017,MNXR114321,0,MNXR114321
R11034,MNXR128737,0,MNXR128737
R11049,MNXR139836,0,MNXR139836
R11098,MNXR114398,0,MNXR114398
R11099,MNXR114399,0,MNXR114399
R11100,MNXR114400,0,MNXR114400
R11101,MNXR114401,0,MNXR114401
R11148,MNXR114447,0,MNXR114447
R11176,MNXR114474,0,MNXR114474
R11228,MNXR151964,0,MNXR151964
R11523,MNXR114817,0,MNXR114817
R11550,MNXR114843,0,MNXR114843
R11570,MNXR114862,0,MNXR114862
R11571,MNXR114863,0,MNXR114863
R11572,MNXR114864,0,MNXR114864
R11573,MNXR114865,0,MNXR114865
R11574,MNXR114866,0,MNXR114866
R11575,MNXR114867,0,MNXR114867
R11576,MNXR114868,0,MNXR114868
R11577,MNXR114869,0,MNXR114869
R11691,MNXR118317,0,MNXR118317
R11695,MNXR163440,0,MNXR163440
R11709,MNXR163446,0,MNXR163446
R11736,MNXR116925,0,MNXR116925
R11739,MNXR191477,0,MNXR191477
R11865,MNXR163512,0,MNXR163512
R11947,MNXR120202,0,MNXR120202
R12091,MNXR118112,0,MNXR118112
R12094,MNXR118104,0,MNXR118104
R12132,MNXR119378,0,MNXR119378
R12140,MNXR163672,0,MNXR163672
R12185,MNXR170977,0,MNXR170977
R12268,MNXR171026,0,MNXR171026
R12274,MNXR171030,0,MNXR171030
R12310,MNXR117825,0,MNXR117825
R12335,MNXR163784,0,MNXR163784
R12421,MNXR119586,0,MNXR119586
R12539,MNXR163892,0,MNXR163892
R12683,MNXR192770,0,MNXR192770
R12686,MNXR194450,0,MNXR194450
R12829,R12829,0,R12829
R12886,R12886,0,R12886
R12910,R12910,0,R12910
R12974,R12974,0,R12974
R13023,R13023,0,R13023
R13091,R13091,0,R13091
R13113,R13113,0,R13113
R13114,R13114,0,R13114
R13140,R13140,0,R13140
R13144,R13144,0,R13144
