Query,Match,HMDB,PubChem,KEGG,SMILES,Comment,MetaNetX
Dimethylarginine,,,,,,0,MNXM1509577;MNXM155429
Aspartylphenylalanine,Aspartylphenylalanine,HMDB0000706,93078,,N[C@@H](CC(O)=O)C(=O)N[C@@H](CC1=CC=CC=C1)C(O)=O,1,MNXM59323
Glutamylalanine,Glutamylalanine,HMDB0003764,6992506,,C[C@H](NC(=O)[C@@H](N)CCC(O)=O)C(O)=O,1,MNXM55244
Glutamylphenylalanine,Glutamylphenylalanine,HMDB0029156,18653118,,N[C@@H](CCC(O)=O)C(=O)N[C@@H](CC1=CC=CC=C1)C(O)=O,1,MNXM737596
Acetylphenylalanine,N-Acetyl-L-phenylalanine,HMDB0000512,74839,C03519,CC(=O)N[C@@H](CC1=CC=CC=C1)C(O)=O,1,MNXM4052
Formylmethionine,,,,,,0,MNXM739067;MNXM1374328;MNXM734252
Oxidized glutathione,Oxidized glutathione,HMDB0003337,65359,C00127,N[C@@H](CCC(=O)N[C@@H](CSSC[C@H](NC(=O)CC[C@H](N)C(O)=O)C(=O)NCC(O)=O)C(=O)NCC(O)=O)C(O)=O,1,MNXM1371191
Acetylspermidine,,,,,,0,MNXM40110
Malic acid,Malic acid,HMDB0000156,222656,C00149,O[C@@H](CC(O)=O)C(O)=O,1,MNXM1107194
Trytophan,,,,,,0,N/A
Choline,Choline,HMDB0000097,305,C00114,C[N+](C)(C)CCO,1,MNXM90
Malate,Malic acid,HMDB0000156,222656,C00149,O[C@@H](CC(O)=O)C(O)=O,1,MNXM1107194
C13-malate,,,,,,0,MNXM1107192;MNXM1107194
C13-fumarate,,,,,,0,MNXM737340
C13-oxaloacetate,,,,,,0,MNXM46
Raffinose,Raffinose,HMDB0003213,439242,C00492,OC[C@H]1O[C@@](CO)(O[C@H]2O[C@H](CO[C@H]3O[C@H](CO)[C@H](O)[C@H](O)[C@H]3O)[C@@H](O)[C@H](O)[C@H]2O)[C@@H](O)[C@@H]1O,1,MNXM1108339
ATP,Adenosine triphosphate,HMDB0000538,5957,C00002,NC1=NC=NC2=C1N=CN2[C@@H]1O[C@H](COP(O)(=O)OP(O)(=O)OP(O)(O)=O)[C@@H](O)[C@H]1O,1,MNXM3
NADH,NADH,HMDB0001487,439153,C00004,NC(=O)C1=CN(C=CC1)[C@@H]1O[C@H](COP(O)(=O)OP(O)(=O)OC[C@H]2O[C@H]([C@H](O)[C@@H]2O)N2C=NC3=C2N=CN=C3N)[C@@H](O)[C@H]1O,1,MNXM10
8Br-GMP,,,,,,0,N/A
Glucose,D-Glucose,HMDB0000122,64689,C00031,OC[C@H]1O[C@@H](O)[C@H](O)[C@@H](O)[C@@H]1O,1,MNXM7381
Lactate,Lactic acid,HMDB0000190,107689,C00186,C[C@H](O)C(O)=O,1,MNXM733758
Sorbitol,Sorbitol,HMDB0000247,5780,C00794,OC[C@H](O)[C@@H](O)[C@H](O)[C@H](O)CO,1,MNXM736685
Threitol,D-Threitol,HMDB0004136,169019,C16884,OC[C@@H](O)[C@H](O)CO,1,MNXM734799
Glycerol,Glycerol,HMDB0000131,753,C00116,OCC(O)CO,1,MNXM89612
Pyruvate,Pyruvic acid,HMDB0000243,1060,C00022,CC(=O)C(O)=O,1,MNXM23
Fructose,D-Fructose,HMDB0000660,439709,C00095,OC[C@H]1O[C@](O)(CO)[C@@H](O)[C@@H]1O,1,MNXM729624;MNXM729625;MNXM729626
Myo-inositol,myo-Inositol,HMDB0000211,,C00137,O[C@H]1[C@H](O)[C@@H](O)[C@H](O)[C@H](O)[C@@H]1O,1,MNXM1105941
Citrate,Citric acid,HMDB0000094,311,C00158,OC(=O)CC(O)(CC(O)=O)C(O)=O,1,MNXM1107752
Isocitrate,Isocitric acid,HMDB0000193,1198,C00311,OC(C(CC(O)=O)C(O)=O)C(O)=O,1,MNXM89661
aKetoglutarate,,,,,,0,MNXM1368744
Succinate,Succinic acid,HMDB0000254,1738118,C00042,OC(=O)CCC(O)=O,1,MNXM25;MNXM683025
Fumarate,Glycerol,HMDB0000131,753,C00116,OCC(O)CO,1,MNXM737340
Oxaloacetate,Oxalacetic acid,HMDB0000223,970,C00036,OC(=O)CC(=O)C(O)=O,1,MNXM46
Histidine,Histidine,HMDB0000177,6274,C00135,N[C@@H](CC1=CN=CN1)C(O)=O,1,MNXM1107769
Leucine,Leucine,HMDB0000687,6106,C00123,CC(C)C[C@H](N)C(O)=O,1,MNXM1106761
Isoleucine,Isoleucine,HMDB0000172,6306,C00407,CC[C@H](C)[C@H](N)C(O)=O,1,MNXM1364268;MNXM728338
Lysine,Lysine,HMDB0000182,5962,C00047,NCCCC[C@H](N)C(O)=O,1,MNXM1364268;MNXM728338
Methionine,Methionine,HMDB0000696,6137,C00073,CSCC[C@H](N)C(O)=O,1,MNXM738803
Phenylalanine,Phenylalanine,HMDB0000159,6140,C00079,N[C@@H](CC1=CC=CC=C1)C(O)=O,1,MNXM741663
Threonine,L-Threonine,HMDB0000167,6288,C00188,C[C@@H](O)[C@H](N)C(O)=O,1,MNXM142
Tryptophan,L-Tryptophan,HMDB0000929,6305,C00078,N[C@@H](CC1=CNC2=C1C=CC=C2)C(O)=O,1,MNXM741553
Valine,L-Valine,HMDB0000883,6287,C00183,CC(C)[C@H](N)C(O)=O,1,MNXM199
Glutamine,Glutamine,HMDB0000641,5961,C00064,N[C@@H](CCC(N)=O)C(O)=O,1,MNXM37
Glutamate,Glutamic acid,HMDB0000148,33032,C00302,N[C@@H](CCC(O)=O)C(O)=O,1,MNXM741172
Asparagine,L-Asparagine,HMDB0000168,6267,C00152,N[C@@H](CC(N)=O)C(O)=O,1,MNXM1107820
Aspartate,L-Aspartic acid,HMDB0000191,5960,C00049,N[C@@H](CC(O)=O)C(O)=O,1,MNXM735837
Serine,Serine,HMDB0000187,5951,C00065,N[C@@H](CO)C(O)=O,1,MNXM737786
Glycine,Glycine,HMDB0000123,750,C00037,NCC(O)=O,1,MNXM29
Alanine,Alanine,,,C01401,,1,MNXM733981
Proline,Proline,HMDB0000162,145742,C00148,OC(=O)[C@@H]1CCCN1,1,MNXM114
Cysteine,L-Cysteine,HMDB0000574,5862,C00097,N[C@@H](CS)C(O)=O,1,MNXM738067
Tyrosine,L-Tyrosine,HMDB0000158,6057,C00082,N[C@@H](CC1=CC=C(O)C=C1)C(O)=O,1,MNXM76
Citrulline,Citrulline,HMDB0000904,9750,C00327,N[C@@H](CCCNC(N)=O)C(O)=O,1,MNXM732470
Ornithine,Ornithine,HMDB0000214,6262,C00077,NCCC[C@H](N)C(O)=O,1,MNXM741174
Folic acid,Folic acid,HMDB0000121,6037,C00504,NC1=NC(=O)C2=NC(CNC3=CC=C(C=C3)C(=O)N[C@@H](CCC(O)=O)C(O)=O)=CN=C2N1,1,MNXM617
L-alanine,L-Alanine,HMDB0000161,5950,C00041,C[C@H](N)C(O)=O,1,MNXM1105732
L-arginine,L-Arginine,HMDB0000517,6322,C00062,N[C@@H](CCCNC(N)=N)C(O)=O,1,MNXM739527
L-glutamine,Glutamine,HMDB0000641,5961,C00064,N[C@@H](CCC(N)=O)C(O)=O,1,MNXM37
L-tryptophan,L-Tryptophan,HMDB0000929,6305,C00078,N[C@@H](CC1=CNC2=C1C=CC=C2)C(O)=O,1,MNXM741553
Nicotinamide,Niacinamide,HMDB0001406,936,C00153,NC(=O)C1=CC=CN=C1,1,MNXM216
Pantothenic acid,Pantothenic acid,HMDB0000210,6613,C00864,CC(C)(CO)[C@@H](O)C(=O)NCCC(O)=O,1,MNXM1371613
Riboflavin,Riboflavin,HMDB0000244,493570,C00255,CC1=C(C)C=C2N(C[C@H](O)[C@H](O)[C@H](O)CO)C3=NC(=O)NC(=O)C3=NC2=C1,1,MNXM270
5-L-glutamyl-L-alanine,gamma-Glutamylalanine,HMDB0006248,440103,C03740,C[C@H](NC(=O)CC[C@H](N)C(O)=O)C(O)=O,1,MNXM125848
dimethyl-L-arginine,Asymmetric dimethylarginine,HMDB0001539,123831,C03626,N[C@@H](CCC\N=C(/N)N(C)C)C(O)=O,1,MNXM4046
N-acetyl-L-leucine,N-Acetyl-Leu,HMDB0011756,70912,C02710,CC(C)C[C@H](NC(C)=O)C(O)=O,1,MNXM4711
N-acetyl-L-phenylalanine,N-Acetyl-L-phenylalanine,HMDB0000512,74839,C03519,CC(=O)N[C@@H](CC1=CC=CC=C1)C(O)=O,1,MNXM4052
N-acetylmethionine,N-Acetyl-L-methionine,HMDB0011745,448580,C02712,CSCC[C@H](NC(C)=O)C(O)=O,1,MNXM1092515
N-formyl-L-methionine,N-Formyl-L-methionine,HMDB0001015,439750,C03145,CSCC[C@H](NC=O)C(O)=O,1,MNXM734252
AMP,Adenosine monophosphate,HMDB0000045,6083,C00020,NC1=C2N=CN([C@@H]3O[C@H](COP(O)(O)=O)[C@@H](O)[C@H]3O)C2=NC=N1,1,MNXM728294
GMP,Guanosine monophosphate,HMDB0001397,6804,C00144,NC1=NC2=C(N=CN2[C@@H]2O[C@H](COP(O)(O)=O)[C@@H](O)[C@H]2O)C(=O)N1,1,MNXM1101285
Glycerophosphocholine,Glycerophosphocholine,HMDB0000086,657272,C00670,C[N+](C)(C)CCOP([O-])(=O)OC[C@H](O)CO,1,MNXM526001
Oxidized glutathion,,,,,,0,MNXM1371191
CDP-choline,Citicoline,HMDB0001413,13805,C00307,C[N+](C)(C)CCOP(O)(=O)OP(O)(=O)OC[C@H]1O[C@H]([C@H](O)[C@@H]1O)N1C=CC(N)=NC1=O,1,MNXM1103046
CDP-ethanolamine,CDP-ethanolamine,HMDB0001564,123727,C00570,NCCOP(O)(=O)OP(O)(=O)OC[C@H]1O[C@H]([C@H](O)[C@@H]1O)N1C=CC(N)=NC1=O,1,MNXM1103456
Choline phosphate,Phosphorylcholine,HMDB0001565,1014,C00588,C[N+](C)(C)CCOP(O)(O)=O,1,MNXM229
Citric acid,Citric acid,HMDB0000094,311,C00158,OC(=O)CC(O)(CC(O)=O)C(O)=O,1,MNXM1107752
Oxalosuccinic acid,Oxalosuccinic acid,HMDB0003974,972,C05379,OC(=O)C[C@H](C(O)=O)C(=O)C(O)=O,1,MNXM1093495
ADP,ADP,HMDB0001341,6022,C00008,NC1=NC=NC2=C1N=CN2[C@@H]1O[C@H](COP(O)(=O)OP(O)(O)=O)[C@@H](O)[C@H]1O,1,MNXM40333
Aspartic acid,L-Aspartic acid,HMDB0000191,5960,C00049,N[C@@H](CC(O)=O)C(O)=O,1,MNXM1364495
uridine monophosphate,Uridine 5'-monophosphate,HMDB0000288,6030,C00105,O[C@H]1[C@@H](O)[C@@H](O[C@@H]1COP(O)(O)=O)N1C=CC(=O)NC1=O,1,MNXM1104823
glutamate,Glutamic acid,HMDB0000148,33032,C00302,N[C@@H](CCC(O)=O)C(O)=O,1,MNXM741172
aspartate,L-Aspartic acid,HMDB0000191,5960,C00049,N[C@@H](CC(O)=O)C(O)=O,1,MNXM735837
fructose 6-phosphate,Fructose 6-phosphate,HMDB0000124,69507,C00085,OCC(=O)[C@@H](O)[C@H](O)[C@H](O)COP(O)(O)=O,1,MNXM512144
mannose 6-phosphate,Mannose 6-phosphate,HMDB0001078,439198,C00275,O[C@@H]1O[C@H](COP(O)(O)=O)[C@@H](O)[C@H](O)[C@@H]1O,1,MNXM61126
sphinganine,Sphinganine,HMDB0000269,91486,C00836,CCCCCCCCCCCCCCC[C@@H](O)[C@@H](N)CO,1,MNXM733692
adenylosuccinate,Adenylsuccinic acid,HMDB0000536,447145,C03794,O[C@@H]1[C@@H](COP(O)(O)=O)O[C@H]([C@@H]1O)N1C=NC2=C1N=CN=C2N[C@@H](CC(O)=O)C(O)=O,1,MNXM1103622
asparagine,L-Asparagine,HMDB0000168,6267,C00152,N[C@@H](CC(N)=O)C(O)=O,1,MNXM1107820
glycerol 2-phosphate,beta-Glycerophosphoric acid,HMDB0002520,2526,C02979,OCC(CO)OP(O)(O)=O,1,MNXM2527
orotate,Orotic acid,HMDB0000226,967,C00295,OC(=O)C1=CC(=O)NC(=O)N1,1,MNXM235
7-dehydrocholesterol,7-Dehydrocholesterol,HMDB0000032,439423,C01164,[H][C@@]1(CC[C@@]2([H])C3=CC=C4C[C@@H](O)CC[C@]4(C)[C@@]3([H])CC[C@]12C)[C@H](C)CCCC(C)C,1,MNXM1094050;MNXM730454
Glycerophosphorylcholine,Glycerophosphocholine,HMDB0000086,657272,C00670,C[N+](C)(C)CCOP([O-])(=O)OC[C@H](O)CO,1,MNXM526001
"glutathione, oxidized",Oxidized glutathione,HMDB0003337,65359,C00127,N[C@@H](CCC(=O)N[C@@H](CSSC[C@H](NC(=O)CC[C@H](N)C(O)=O)C(=O)NCC(O)=O)C(=O)NCC(O)=O)C(O)=O,1,MNXM1371191
"glutamate, gamma-methyl ester",,,,,,0,MNXM729747
UDP-galactose,Uridine diphosphategalactose,HMDB0000302,18068,C00052,OC[C@H]1O[C@H](OP(O)(=O)OP(O)(=O)OC[C@H]2O[C@H]([C@H](O)[C@@H]2O)N2C=CC(=O)NC2=O)[C@H](O)[C@@H](O)[C@H]1O,1,MNXM1099927
Prolyl-Glutamate,Prolyl-Glutamate,HMDB0029016,3563697,,OC(=O)CCC(NC(=O)C1CCCN1)C(O)=O,1,MNXM129977
tryptamine,Tryptamine,HMDB0000303,1150,C00398,NCCC1=CNC2=C1C=CC=C2,1,MNXM806
palmitoyl sphingomyelin,,,,,,0,MNXM82252
serine,Serine,HMDB0000187,5951,C00065,N[C@@H](CO)C(O)=O,1,MNXM737786
glycerol 3-phosphate,Glycerol 3-phosphate,HMDB0000126,439162,C00093,OC[C@@H](O)COP(O)(O)=O,1,MNXM66
UDP-glucose,Uridine diphosphate glucose,HMDB0000286,8629,C00029,OC[C@H]1O[C@H](OP(O)(=O)OP(O)(=O)OC[C@H]2O[C@H]([C@H](O)[C@@H]2O)N2C=CC(=O)NC2=O)[C@H](O)[C@@H](O)[C@@H]1O,1,MNXM1364019
1-stearoylglycerophosphoglycerol,1-Stearoylglycerophosphoglycerol,HMDB0061697,10029397,,CCCCCCCCCCCCCCCCCC(=O)OCC(O)COP(O)(=O)OCC(O)CO,1,MNXM739302
NAD,NAD,HMDB0000902,5892,C00003,NC(=O)C1=C[N+](=CC=C1)[C@@H]1O[C@H](COP([O-])(=O)OP(O)(=O)OC[C@H]2O[C@H]([C@H](O)[C@@H]2O)N2C=NC3=C2N=CN=C3N)[C@@H](O)[C@H]1O,1,MNXM64096
glycine,Glycine,HMDB0000123,750,C00037,NCC(O)=O,1,MNXM29
3-methyl-2-oxobutyrate,alpha-Ketoisovaleric acid,HMDB0000019,49,C00141,CC(C)C(=O)C(O)=O,1,MNXM732866
pentadecanoate,Pentadecanoic acid,HMDB0000826,13849,C16537,CCCCCCCCCCCCCCC(O)=O,1,MNXM12597
Laurate,Dodecanoic acid,HMDB0000638,3893,C02679,CCCCCCCCCCCC(O)=O,1,MNXM1092907
Ribitol,Ribitol,HMDB0000508,,C00474,OC[C@H](O)[C@H](O)[C@H](O)CO,1,MNXM1820
thymidine,Thymidine,HMDB0000273,5789,C00214,CC1=CN([C@H]2C[C@H](O)[C@@H](CO)O2)C(=O)NC1=O,1,MNXM420
D-arabitol,D-Arabitol,HMDB0000568,94154,C01904,OC[C@@H](O)C(O)[C@H](O)CO,1,MNXM1018
7-methylguanine,7-Methylguanine,HMDB0000897,11361,C02242,CN1C=NC2=C1C(=O)N=C(N)N2,1,MNXM39146
3-CMP,,,,,,0,MNXM2182
linoleate,Linoleic acid,HMDB0000673,5280450,C01595,CCCCC\C=C/C\C=C/CCCCCCCC(O)=O,1,MNXM1108069
1-stearoyl-GPI,,,,,,0,MNXM1106088
myristoleate,Myristoleic acid,HMDB0002000,5281119,C08322,CCCC\C=C/CCCCCCCC(O)=O,1,MNXM1364444
j-nonadecenoate,,,,,,0,MNXM1372856;MNXM727343;MNXM727338
4-hydroxybutyrate,4-Hydroxybutyric acid,HMDB0000710,10413,C00989,OCCCC(O)=O,1,MNXM1093090
gamma-glutamylphenylalanine,gamma-Glutamylphenylalanine,HMDB0000594,111299,,N[C@@H](CCC(=O)N[C@@H](CC1=CC=CC=C1)C(O)=O)C(O)=O,1,MNXM737595
glucose,D-Glucose,HMDB0000122,64689,C00031,OC[C@H]1O[C@@H](O)[C@H](O)[C@@H](O)[C@@H]1O,1,MNXM7381
N-acetyl-Leucine,,,,,,0,MNXM1369366
N-acetylglucosamine,N-Acetyl-D-glucosamine,HMDB0000215,439174,C00140,CC(=O)N[C@H]1C(O)O[C@H](CO)[C@@H](O)[C@@H]1O,1,MNXM63553
N-acetyl-Isoleucine,,,,,,0,MNXM1368467
methionine sulfoxide,Methionine sulfoxide,HMDB0002005,158980,C02989,CS(=O)CC[C@H](N)C(O)=O,1,MNXM1364200
3-Methyl-2-oxopentanote,,,,,,0,N/A
4-methyl-2-oxopentanoate,Ketoleucine,HMDB0000695,70,C00233,CC(C)CC(=O)C(O)=O,1,MNXM404
1-methyladenosine,1-Methyladenosine,HMDB0003331,27476,C02494,CN1C=NC2=C(N=CN2[C@@H]2O[C@H](CO)[C@@H](O)[C@H]2O)C1=N,1,MNXM4237
norophthalmate,Norophthalmic acid,HMDB0005766,5489007,,C[C@H](NC(=O)CC[C@H](N)C(O)=O)C(=O)NCC(O)=O,1,MNXM1371890
Prolyl-Proline,Prolylproline,HMDB0011180,11622593,,OC(=O)[C@@H]1CCCN1C(=O)[C@@H]1CCCN1,1,MNXM1371898
1-oleoylglycerol,,,,,,0,MNXM1373111;MNXM1370566;MNXM1370565
"1,2-propanediol",Propylene glycol,HMDB0001881,259994,C00583,C[C@@H](O)CO,1,MNXM1364595
2-O-methylguanosine,,,,,,0,N/A
glycerate,Glyceric acid,HMDB0000139,439194,C00258,OC[C@@H](O)C(O)=O,1,MNXM1136254
indolelactate,Indolelactic acid,HMDB0000671,676157,C02043,O[C@@H](CC1=CNC2=C1C=CC=C2)C(O)=O,1,MNXM1363665
"Hexanoic acid, caproate",,,,,,0,MNXM1653
alanine,Alanine,,,C01401,,1,MNXM733981
2-deoxycytidine,,,,,,0,MNXM32436
lactate,Lactic acid,HMDB0000190,107689,C00186,C[C@H](O)C(O)=O,1,MNXM733758
ophthalmate,Ophthalmic acid,HMDB0005765,7018721,C21016,CC[C@H](NC(=O)CC[C@H](N)C(O)=O)C(=O)NCC(O)=O,1,MNXM65600
gamma-glutamylisoleucine,gamma-Glutamylisoleucine,HMDB0011170,22885096,,CC[C@H](C)[C@H](NC(=O)CC[C@H](N)C(O)=O)C(O)=O,1,MNXM726301
inosine,Inosine,HMDB0000195,6021,C00294,OC[C@H]1O[C@H]([C@H](O)[C@@H]1O)N1C=NC2=C(O)N=CN=C12,1,MNXM1103335
phosphopantetheine,Pantetheine 4'-phosphate,HMDB0001416,115254,C01134,CC(C)(COP(O)(O)=O)[C@@H](O)C(=O)NCCC(=O)NCCS,1,MNXM75169
gamma-glutamylleucine,gamma-Glutamylleucine,HMDB0011171,151023,,CC(C)C[C@H](NC(=O)CC[C@H](N)C(O)=O)C(O)=O,1,MNXM726305
cysteine-glutathione disulfide,,,,,,0,MNXM1509283
N-acetyl-Glycine,Acetylglycine,HMDB0000532,10972,,CC(=O)NCC(O)=O,1,MNXM587422
gamma-glutamylvaline,gamma-Glutamylvaline,HMDB0011172,7015683,,CC(C)[C@H](NC(=O)CC[C@H](N)C(O)=O)C(O)=O,1,MNXM726308
gamma-glutamylthreonine,gamma-Glutamylthreonine,HMDB0029159,53861142,,C[C@@H](O)[C@H](NC(=O)CC[C@H](N)C(O)=O)C(O)=O,1,MNXM729742
lanosterol,Lanosterol,HMDB0001251,246983,C01724,[H][C@@]1(CC[C@@]2(C)C3=C(CC[C@]12C)[C@@]1(C)CC[C@H](O)C(C)(C)[C@]1([H])CC3)[C@H](C)CCC=C(C)C,1,MNXM736942
N-acetylneuraminate,N-Acetylneuraminate,,3568,C00270,,1,MNXM1106046
Alanyl-Glycine,Alanylglycine,HMDB0006899,6998028,,C[C@H](N)C(=O)NCC(O)=O,1,MNXM1368447
Tyrosyl-Glycine,Tyrosylglycine,HMDB0029105,7021853,,N[C@@H](CC1=CC=C(O)C=C1)C(=O)NCC(O)=O,1,MNXM1371130
vaccenate,Vaccenic acid,HMDB0003231,5281127,C08367,CCCCCC\C=C\CCCCCCCCCC(O)=O,1,MNXM739463
docosadienoate,Docosadienoate (22:2n6),HMDB0061714,5312554,C16533,CCCCC\C=C/C\C=C/CCCCCCCCCCCC(O)=O,1,MNXM155528
inositol 2-phosphate,,,,,,0,MNXM8031
fructose,D-Fructose,HMDB0000660,439709,C00095,OC[C@H]1O[C@](O)(CO)[C@@H](O)[C@@H]1O,1,MNXM729624;MNXM729625;MNXM729626
L-Cysteinyl-Glycine,,,,,,0,MNXM683
N-acetylalanine,N-Acetyl-L-alanine,HMDB0000766,88064,,C[C@H](NC(C)=O)C(O)=O,1,MNXM1129177;MNXM1102171
benzoate,Benzoic acid,HMDB0001870,243,C00180,OC(=O)C1=CC=CC=C1,1,MNXM217
1-oleoyl-GPI,,,,,,0,MNXM680605
phenyllactate,D-Phenyllactic acid,HMDB0000563,444718,C05607,[H][C@](O)(CC1=CC=CC=C1)C(O)=O,1,MNXM726662
L-gamma-Glutamyl-cysteine,,,,,,0,MNXM126172
nonadecanoate,Nonadecanoic acid,HMDB0000772,12591,C16535,CCCCCCCCCCCCCCCCCCC(O)=O,1,MNXM1106852
N-Acetyl-L-phenylalanine,N-Acetyl-L-phenylalanine,HMDB0000512,74839,C03519,CC(=O)N[C@@H](CC1=CC=CC=C1)C(O)=O,1,MNXM4052
erythronate,Erythronic acid,HMDB0000613,2781043,,OC[C@@H](O)[C@@H](O)C(O)=O,1,MNXM724639
oleate,Oleic acid,HMDB0000207,445639,C00712,CCCCCCCC\C=C/CCCCCCCC(O)=O,1,MNXM1364393
17-methylstearate,17-Methyloctadecanoic acid,HMDB0037397,3083779,,CC(C)CCCCCCCCCCCCCCCC(O)=O,1,MNXM28857
4-guanidinobutanoate,4-Guanidinobutanoic acid,HMDB0003464,500,C01035,NC(=N)NCCCC(O)=O,1,MNXM1312
13-octadecenoate,,,,,,0,MNXM739866;MNXM1093483;MNXM65309;MNXM727013;MNXM1371388;MNXM739867
homocysteine,Homocysteine,HMDB0000742,91552,C00155,N[C@@H](CCS)C(O)=O,1,MNXM123
N-acetyl-Valine,,,,,,0,MNXM1368738
N-acetyl-L-tyrosine,N-Acetyl-L-tyrosine,HMDB0000866,68310,C01657,CC(=O)N[C@@H](CC1=CC=C(O)C=C1)C(O)=O,1,MNXM63521
5-hydroxymethylfurfural,5-Hydroxymethyl-2-furancarboxaldehyde,HMDB0034355,237332,C11101,OCC1=CC=C(O1)C=O,1,MNXM10320
1-palmitoyl-GPE,,,,,,0,MNXM32511
5-methylthioadenosine,5'-Methylthioadenosine,HMDB0001173,439176,C00170,CSC[C@H]1O[C@H]([C@H](O)[C@@H]1O)N1C=NC2=C1N=CN=C2N,1,MNXM1101977
sphingosine,Sphingosine,HMDB0000252,5280335,C00319,CCCCCCCCCCCCC\C=C\[C@@H](O)[C@@H](N)CO,1,MNXM1364421
O-Phosphorylethanolamine,O-Phosphoethanolamine,HMDB0000224,1015,C00346,NCCOP(O)(O)=O,1,MNXM187
Glycerol phosphate,,,,,,0,MNXM55307
NAc-Methionine,,,,,,0,MNXM731431
N-Glycolyl-D-hexosamine,,,,,,0,N/A
N-Acetyl-D-hexosaminate,,,,,,0,N/A
Hexose phosphate,,,,,,0,MNXM56483
Nicotinamide riboside,Nicotinamide riboside,HMDB0000855,439924,C03150,NC(=O)C1=C[N+](=CC=C1)[C@@H]1O[C@H](CO)[C@@H](O)[C@H]1O,1,MNXM1101283
D-myo-lnositol- 1 -phosphate,,,,,,0,MNXM1364687
cCMP,,,,,,0,MNXM3162
dCMP,dCMP,HMDB0001202,13945,C00239,NC1=NC(=O)N(C=C1)[C@H]1C[C@H](O)[C@@H](COP(O)(O)=O)O1,1,MNXM266
Glucose bisphosphate,,,,,,0,MNXM48490;MNXM162819;MNXM7242;MNXM164700;MNXM491972;MNXM167291;MNXM1102141;MNXM1560541
Glutathione,Glutathione,HMDB0000125,124886,C00051,N[C@@H](CCC(=O)N[C@@H](CS)C(=O)NCC(O)=O)C(O)=O,1,MNXM490899
CMP,Cytidine monophosphate,HMDB0000095,6131,C00055,NC1=NC(=O)N(C=C1)[C@@H]1O[C@H](COP(O)(O)=O)[C@@H](O)[C@H]1O,1,MNXM1103302
UMP,Uridine 5'-monophosphate,HMDB0000288,6030,C00105,O[C@H]1[C@@H](O)[C@@H](O[C@@H]1COP(O)(O)=O)N1C=CC(=O)NC1=O,1,MNXM1104823
Hexosyl-glycerol phosphate,,,,,,0,N/A
Hydroxymethylglutathione,,,,,,0,MNXM726279
cGMP,Cyclic GMP,HMDB0001314,24316,C00942,NC1=NC2=C(N=CN2[C@@H]2O[C@@H]3COP(O)(=O)O[C@H]3[C@H]2O)C(=O)N1,1,MNXM731192
dGMP,2'-Deoxyguanosine 5'-monophosphate,HMDB0001044,65059,C00362,NC1=NC2=C(N=CN2[C@H]2C[C@H](O)[C@@H](COP(O)(O)=O)O2)C(=O)N1,1,MNXM736654
IMP,Inosinic acid,HMDB0000175,8582,C00130,O[C@@H]1[C@@H](COP(O)(O)=O)O[C@H]([C@@H]1O)N1C=NC2=C1N=CNC2=O,1,MNXM1101868
N-Acetyl-D-Hexosamine-bisphosphate,,,,,,0,N/A
Glycero-manno-heptose bisphosphate,,,,,,0,MNXM731696; MNXM731697; MNXM731698;MNXM2656
UDP,Uridine 5'-diphosphate,HMDB0000295,6031,C00015,O[C@H]1[C@@H](O)[C@@H](O[C@@H]1COP(O)(=O)OP(O)(O)=O)N1C=CC(=O)NC1=O,1,MNXM1102128;MNXM1102130
UDP isotope,,,,,,0,MNXM1102128;MNXM1102130
PAP,"Adenosine 3',5'-diphosphate",HMDB0000061,159296,C00054,NC1=C2N=CN([C@@H]3O[C@H](COP(O)(O)=O)[C@@H](OP(O)(O)=O)[C@H]3O)C2=NC=N1,1,MNXM67597
dGDP,dGDP,HMDB0000960,439220,C00361,NC1=NC2=C(N=CN2[C@H]2C[C@H](O)[C@@H](COP(O)(=O)OP(O)(O)=O)O2)C(=O)N1,1,MNXM436
Inositol triphosphate,"myo-Inositol 1,4,5-trisphosphate",HMDB0001498,439456,C01245,O[C@@H]1[C@H](O)[C@@H](OP(O)(O)=O)[C@H](OP(O)(O)=O)[C@@H](O)[C@@H]1OP(O)(O)=O,1,MNXM1103971
GDP,Guanosine diphosphate,HMDB0001201,8977,C00035,NC1=NC2=C(N=CN2[C@@H]2O[C@H](COP(O)(=O)OP(O)(O)=O)[C@@H](O)[C@H]2O)C(=O)N1,1,MNXM1103285;MNXM1103287
CMP-2-aminoethylphosphonate,CMP-2-aminoethylphosphonate,HMDB0060067,440754,C05673,NCCP(O)(=O)OP(O)(=O)OC[C@H]1O[C@H]([C@H](O)[C@@H]1O)N1C=CC(=N)N=C1O,1,MNXM1103498
"Riboflavin cyclic-4,5-phosphate",,,,,,0,MNXM1106150
3-Phosphoglycerol-glutathione,,,,,,0,MNXM36786
XDP,,,,,,0,MNXM4133
CTP,Cytidine triphosphate,HMDB0000082,6176,C00063,NC1=NC(=O)N(C=C1)[C@@H]1O[C@H](COP(O)(=O)OP(O)(=O)OP(O)(O)=O)[C@@H](O)[C@H]1O,1,MNXM1103718
dTTP,Thymidine 5'-triphosphate,HMDB0001342,64968,C00459,CC1=CN([C@H]2C[C@H](O)[C@@H](COP(O)(=O)OP(O)(=O)OP(O)(O)=O)O2)C(=O)NC1=O,1,MNXM394
UTP,Uridine triphosphate,HMDB0000285,6133,C00075,O[C@H]1[C@@H](O)[C@@H](O[C@@H]1COP(O)(=O)OP(O)(=O)OP(O)(O)=O)N1C=CC(=O)NC1=O,1,MNXM1101474
dCTP,dCTP,HMDB0000998,65091,C00458,NC1=NC(=O)N(C=C1)[C@H]1C[C@H](O)[C@@H](COP(O)(=O)OP(O)(=O)OP(O)(O)=O)O1,1,MNXM360
TTP,Thymidine 5'-triphosphate,HMDB0001342,64968,C00459,CC1=CN([C@H]2C[C@H](O)[C@@H](COP(O)(=O)OP(O)(=O)OP(O)(O)=O)O2)C(=O)NC1=O,1,MNXM148527
Myo-inositol tetraphosphate,,,,,,0,MNXM1363875
UTP isotope,,,,,,0,MNXM1101474
dATP,Deoxyadenosine triphosphate,HMDB0001532,15993,C00131,NC1=NC=NC2=C1N=CN2[C@H]1C[C@H](O)[C@@H](COP(O)(=O)OP(O)(=O)OP(O)(O)=O)O1,1,MNXM286
PAPS,Phosphoadenosine phosphosulfate,HMDB0001134,10214,C00053,NC1=C2N=CN([C@@H]3O[C@H](COP(O)(=O)OS(O)(=O)=O)[C@@H](OP(O)(O)=O)[C@H]3O)C2=NC=N1,1,MNXM1104555
dGTP,dGTP,HMDB0001440,65103,C00286,NC1=NC2=C(N=CN2[C@H]2C[C@H](O)[C@@H](COP(O)(=O)OP(O)(=O)OP(O)(O)=O)O2)C(=O)N1,1,MNXM344
Inosine triphosphate,Inosine triphosphate,HMDB0000189,8583,C00081,O[C@@H]1[C@@H](COP(O)(=O)OP(O)(=O)OP(O)(O)=O)O[C@H]([C@@H]1O)N1C=NC2=C1N=CN=C2O,1,MNXM1103428
ATP isotope,,,,,,0,MNXM3
GTP,Guanosine triphosphate,HMDB0001273,6830,C00044,NC1=NC2=C(N=CN2[C@@H]2O[C@H](COP(O)(=O)OP(O)(=O)OP(O)(O)=O)[C@@H](O)[C@H]2O)C(=O)N1,1,MNXM1103553
cADP-pentose,,,,,,0,MNXM1372146;MNXM1372145
UDP-pentose,,,,,,0,MNXM744971
cADP-Pentose,,,,,,0,MNXM1372146;MNXM1372145
ADP-Pentose,,,,,,0,MNXM1508738
Phosphopentosyl-AMP,,,,,,0,N/A
dTDP-Hexose,,,,,,0,MNXM728217;MNXM1105949
"GDP-3,6-dideoxy-D-Hexose",,,,,,0,MNXM54799
Biotinyl-5-AMP,,,,,,0,MNXM1104306
dTDP-D-Hexose,,,,,,0,MNXM728217;MNXM1105949
UDP-Hexose,,,,,,0,MNXM1561655;MNXM739642;MNXM1364019
UDP-Hexose isotope,,,,,,0,MNXM1561655;MNXM739642;MNXM1364019
UDP-Hexuronate,,,,,,0,N/A
UDP-Hexuronate isotope,,,,,,0,N/A
Stearoylglycerophosphoinositol,,,,,,0,MNXM150643;MNXM1560696;MNXM1106088
Adenosine tetraphosphate,Adenosine tetraphosphate,HMDB0001364,14003,C03483,NC1=NC=NC2=C1N=CN2[C@@H]1O[C@H](COP(O)(=O)OP(O)(=O)OP(O)(=O)OP(O)(O)=O)[C@@H](O)[C@H]1O,1,MNXM1906
GDP-L-fucose,GDP-L-fucose,HMDB0001095,439211,C00325,C[C@@H]1OC(OP(O)(=O)OP(O)(=O)OC[C@H]2O[C@H]([C@H](O)[C@@H]2O)N2C=NC3=C2N=C(N)NC3=O)[C@@H](O)[C@H](O)[C@@H]1O,1,MNXM1106004;MNXM1364175;MNXM731357
UDP-HexNAc 1 -Oleoylglycerophosphoinositol,,,,,,0,N/A
GDP-Hexose,,,,,,0,MNXM54810
UDP-HexNAc,,,,,,0,MNXM736712;MNXM1104529
UDP-HexNAc isotope,,,,,,0,MNXM736712;MNXM1104529
GSSG,Oxidized glutathione,HMDB0003337,65359,C00127,N[C@@H](CCC(=O)N[C@@H](CSSC[C@H](NC(=O)CC[C@H](N)C(O)=O)C(=O)NCC(O)=O)C(=O)NCC(O)=O)C(O)=O,1,MNXM1371191
ADP-ribose 1-2 cyclic phosphate,,,,,,0,MNXM40338;MNXM6154;MNXM1371013;MNXM1371014
UDP-N-acetyl-2-amino-2-deoxy-D-glucuronate,UDP-N-acetyl-2-amino-2-deoxy-D-glucuronate,METPA0513,,C04573,,1,MNXM740283
ADP-ribose 2-phosphate,,,,,,0,MNXM1106059
FAD,FAD,HMDB0001248,643975,C00016,CC1=CC2=C(C=C1C)N(C[C@H](O)[C@H](O)[C@H](O)COP(O)(=O)OP(O)(=O)OC[C@H]1O[C@H]([C@H](O)[C@@H]1O)N1C=NC3=C1N=CN=C3N)C1=NC(=O)NC(=O)C1=N2,1,MNXM1364149
CoA,Coenzyme A,HMDB0001423,87642,C00010,CC(C)(COP(O)(=O)OP(O)(=O)OC[C@H]1O[C@H]([C@H](O)[C@@H]1OP(O)(O)=O)N1C=NC2=C1N=CN=C2N)[C@@H](O)C(=O)NCCC(=O)NCCS,1,MNXM727276;MNXM727278
C18:0,Stearic acid,HMDB0000827,5281,C01530,CCCCCCCCCCCCCCCCCC(O)=O,1,MNXM236
C16:0,Palmitic acid,HMDB0000220,985,C00249,CCCCCCCCCCCCCCCC(O)=O,1,MNXM108
Glycerophospholipid,glycerophospholipid,,,,,1,MNXM742070;MNXM55319
Aceto-acetyl COA,,,,,,0,N/A
Phosphatidylinositol,,,,,,0,MNXM1106972;MNXM730331;MNXM730339
Phosphatidylinositol isotope,,,,,,0,MNXM1106972;MNXM730331;MNXM730339
D-GIucosamine 6-phosphate,,,,,,0,MNXM1104065
N-Acetylaspartylglutamate,N-Acetylaspartylglutamic acid,HMDB0001067,188803,C12270,CC(=O)N[C@@H](CC(O)=O)C(=O)N[C@@H](CCC(O)=O)C(O)=O,1,MNXM1371055
3-Carbamoyl-2-phenylpropionic acid,3-Carbamoyl-2-phenylpropionic acid,HMDB0060367,3025746,C16591,OC(=N)OCC(C(O)=O)C1=CC=CC=C1,1,MNXM6085
N-Fonnimino-L-glutamate,,,,,,0,MNXM148372;MNXM90092;MNXM496
"S-2,3,4,5-Tetrahydropyridine-2-carboxylate",,,,,,0,MNXM748
"1 -N tro-5-hydroxy-6-glutathionyl-5,6-dihydronphthalene",,,,,,0,N/A
Deoxyribose,Deoxyribose,HMDB0003224,22833604,C01801,OC[C@@H]1O[C@H](O)C[C@H]1O,1,MNXM731179
Uridine,Uridine,HMDB0000296,6029,C00299,OC[C@H]1O[C@H]([C@H](O)[C@@H]1O)N1C=CC(=O)NC1=O,1,MNXM1103104
Indole-3-acetaldehyde,Indoleacetaldehyde,HMDB0001190,800,C00637,O=CCC1=CNC2=C1C=CC=C2,1,MNXM518
5-HydroxyindoIeacetaldehyde,,,,,,0,N/A
Pyridoxine,Pyridoxine,HMDB0000239,1054,C00314,CC1=C(O)C(CO)=C(CO)C=N1,1,MNXM419
NH3,Ammonia,HMDB0000051,222,C00014,N,1,MNXM729302
Ileucinc,,,,,,0,N/A
Histamine,Histamine,HMDB0000870,774,C00388,NCCC1=CNC=N1,1,MNXM635
L-Glycine,,,,,,0,MNXM12053
L-leucine,Leucine,HMDB0000687,6106,C00123,CC(C)C[C@H](N)C(O)=O,1,MNXM1106761
L-phenylalanine,Phenylalanine,HMDB0000159,6140,C00079,N[C@@H](CC1=CC=CC=C1)C(O)=O,1,MNXM741664
L-cysteine,L-Cysteine,HMDB0000574,5862,C00097,N[C@@H](CS)C(O)=O,1,MNXM738068
L-histidine,Histidine,HMDB0000177,6274,C00135,N[C@@H](CC1=CN=CN1)C(O)=O,1,MNXM1107769
3-phosphoglycerate,3-Phosphoglyceric acid,HMDB0000807,724,C00597,OC(COP(O)(O)=O)C(O)=O,1,MNXM727605
phosphoenolpyruvate,Phosphoenolpyruvic acid,HMDB0000263,1005,C00074,OC(=O)C(=C)OP(O)(O)=O,1,MNXM73
glyceraldehyde 3-phosphate,Glyceraldehyde 3-phosphate,HMDB0001112,439168,C00118,O[C@H](COP(O)(O)=O)C=O,1,MNXM1372044
L-glutamate,L-Glutamate,,,C00025,,1,MNXM741173
Adenylosuccinatete,,,,,,0,MNXM1103622;MNXM1508076
S-Lactate,,,,,,0,MNXM1093274
3-Phosphoglyceric acid,3-Phosphoglyceric acid,HMDB0000807,724,C00597,OC(COP(O)(O)=O)C(O)=O,1,MNXM727604
Aconitate,cis-Aconitic acid,HMDB0000072,643757,C00417,OC(=O)C\C(=C\C(O)=O)C(O)=O,1,MNXM1092518
Guanine,Guanine,HMDB0000132,764,C00242,NC1=NC(=O)C2=C(N1)N=CN2,1,MNXM733114
Phosphoenolpyruvate,Phosphoenolpyruvic acid,HMDB0000263,1005,C00074,OC(=O)C(=C)OP(O)(O)=O,1,MNXM73
Glyceraldehyde 3-phosphate,Glyceraldehyde 3-phosphate,HMDB0001112,439168,C00118,O[C@H](COP(O)(O)=O)C=O,1,MNXM1372044
Acetyl-CoA,Acetyl-CoA,HMDB0001206,444493,C00024,CC(=O)SCCNC(=O)CCNC(=O)[C@H](O)C(C)(C)COP(O)(=O)OP(O)(=O)OC[C@H]1O[C@H]([C@H](O)[C@@H]1OP(O)(O)=O)N1C=NC2=C1N=CN=C2N,1,MNXM1104266
Sedoheptulose 7-phosphate,,,,,,0,MNXM1512793
2-oxoglutarate,Oxoglutaric acid,HMDB0000208,51,C00026,OC(=O)CCC(=O)C(O)=O,1,MNXM1368744
"D-Fructose 1,6-bisphosphate","Fructose 1,6-bisphosphate",HMDB0001058,10267,C00354,O[C@H]1[C@H](O)[C@@](O)(COP(O)(O)=O)O[C@@H]1COP(O)(O)=O,1,MNXM155028
D-Fructose 6-phosphate,Fructose 6-phosphate,HMDB0000124,69507,C00085,OCC(=O)[C@@H](O)[C@H](O)[C@H](O)COP(O)(O)=O,1,MNXM155029;MNXM1555902
D-Ribose 5-phosphate,D-Ribose 5-phosphate,HMDB0001548,440101,C00117,O[C@H]1O[C@H](COP(O)(O)=O)[C@@H](O)[C@H]1O,1,MNXM1363912
D-Glucose 6-phosphate,Glucose 6-phosphate,HMDB0001401,5958,C00092,OC1O[C@H](COP(O)(O)=O)[C@@H](O)[C@H](O)[C@H]1O,1,MNXM1364111
D-Xylulose 5-phosphate,Xylulose 5-phosphate,HMDB0000868,439190,C00231,OCC(=O)[C@@H](O)[C@H](O)COP(O)(O)=O,1,MNXM186
D-Ribulose 5-phosphate,D-Ribulose 5-phosphate,HMDB0000618,439184,C00199,OCC(=O)[C@H](O)[C@H](O)COP(O)(O)=O,1,MNXM145
D-Erythrose 4-phosphate,D-Erythrose 4-phosphate,HMDB0001321,122357,C00279,O[C@H](COP(O)(O)=O)[C@@H](O)C=O,1,MNXM258
pyruvate,Pyruvic acid,HMDB0000243,1060,C00022,CC(=O)C(O)=O,1,MNXM23
dihydroxyacetone phosphate,Dihydroxyacetone phosphate,HMDB0001473,668,C00111,OCC(=O)COP(O)(O)=O,1,MNXM77
L-Serine,Serine,HMDB0000187,5951,C00065,N[C@@H](CO)C(O)=O,1,MNXM737787
L-Asparagine,L-Asparagine,HMDB0000168,6267,C00152,N[C@@H](CC(N)=O)C(O)=O,1,MNXM1107821
L-Leucine,Leucine,HMDB0000687,6106,C00123,CC(C)C[C@H](N)C(O)=O,1,MNXM1106761
L-Tryptophan,L-Tryptophan,HMDB0000929,6305,C00078,N[C@@H](CC1=CNC2=C1C=CC=C2)C(O)=O,1,MNXM741553
L-Phenylalanine,Phenylalanine,HMDB0000159,6140,C00079,N[C@@H](CC1=CC=CC=C1)C(O)=O,1,MNXM741664
L-Cysteine,L-Cysteine,HMDB0000574,5862,C00097,N[C@@H](CS)C(O)=O,1,MNXM738068
D-Glucose 1-phosphate,D-Glucose 1-phosphate,,3403,C00103,,1,MNXM1364214
L-Tyrosine,L-Tyrosine,HMDB0000158,6057,C00082,N[C@@H](CC1=CC=C(O)C=C1)C(O)=O,1,MNXM76
L-Arginine,L-Arginine,HMDB0000517,6322,C00062,N[C@@H](CCCNC(N)=N)C(O)=O,1,MNXM739527
L-Aspartic acid,L-Aspartic acid,HMDB0000191,5960,C00049,N[C@@H](CC(O)=O)C(O)=O,1,MNXM1364497
L-Glutamate,L-Glutamate,,,C00025,,1,MNXM741173
L-Proline,Proline,HMDB0000162,145742,C00148,OC(=O)[C@@H]1CCCN1,1,MNXM114
L-Alanine,L-Alanine,HMDB0000161,5950,C00041,C[C@H](N)C(O)=O,1,MNXM1105732
