,ref_E_siliculosus,ref_CHO,ref_A_aegypti
,1.0,1.0,1.0
C00361,1.0,1.0,1.0
C04556,1.0,0.0,0.0
C00602,1.0,0.0,0.0
C12455,1.0,0.0,0.0
C00161,1.0,0.0,0.0
C04405,1.0,0.0,0.0
C04575,1.0,1.0,1.0
C02291,1.0,1.0,1.0
C14397,1.0,0.0,0.0
C00355,1.0,1.0,1.0
C01311,1.0,0.0,0.0
C02739,1.0,0.0,0.0
C03635,1.0,0.0,0.0
C02944,1.0,0.0,0.0
C01115,1.0,0.0,0.0
C01230,1.0,0.0,0.0
C01081,1.0,1.0,1.0
C00787,1.0,0.0,0.0
C00670,1.0,1.0,1.0
C06054,1.0,0.0,0.0
C05809,1.0,0.0,0.0
C15787,1.0,0.0,0.0
C15853,1.0,1.0,1.0
C00232,1.0,0.0,0.0
C00853,1.0,0.0,0.0
C00163,1.0,1.0,1.0
C01507,1.0,1.0,1.0
C01525,1.0,0.0,0.0
C05824,1.0,1.0,1.0
C00206,1.0,1.0,1.0
C02034,1.0,0.0,0.0
C02475,1.0,0.0,0.0
C00685,1.0,0.0,0.0
C16171,1.0,1.0,1.0
C20663,1.0,0.0,0.0
C00366,1.0,1.0,1.0
C02232,1.0,0.0,0.0
C00111,1.0,1.0,1.0
C19703,1.0,0.0,0.0
C00267,1.0,0.0,0.0
C00065,1.0,1.0,1.0
C01164,1.0,1.0,1.0
C00644,1.0,0.0,0.0
C00243,1.0,1.0,1.0
C00365,1.0,1.0,1.0
C06506,1.0,0.0,0.0
C15883,1.0,0.0,0.0
C05556,1.0,0.0,0.0
C08830,1.0,0.0,0.0
C09827,1.0,0.0,0.0
C06505,1.0,0.0,0.0
C00448,1.0,1.0,1.0
C00254,1.0,0.0,0.0
C02823,1.0,0.0,0.0
C05913,1.0,0.0,0.0
C01829,1.0,1.0,1.0
C00921,1.0,0.0,0.0
C05359,1.0,0.0,1.0
C02350,1.0,0.0,0.0
C02165,1.0,1.0,1.0
C00511,1.0,1.0,1.0
C00794,1.0,1.0,1.0
C00544,1.0,1.0,1.0
C02041,1.0,1.0,1.0
C00186,1.0,1.0,1.0
C04036,1.0,0.0,0.0
C00015,1.0,1.0,1.0
C00009,1.0,1.0,1.0
C01245,1.0,1.0,1.0
C00641,1.0,0.0,0.0
C05729,1.0,0.0,0.0
C00026,1.0,1.0,1.0
C01035,1.0,0.0,0.0
C02249,1.0,1.0,1.0
C03406,1.0,1.0,1.0
C01641,1.0,0.0,0.0
C00219,1.0,1.0,1.0
C03741,1.0,0.0,0.0
C16355,1.0,0.0,0.0
C00748,1.0,0.0,0.0
C21029,1.0,1.0,1.0
C00510,1.0,1.0,1.0
C05125,1.0,0.0,0.0
C01640,1.0,0.0,0.0
C00279,1.0,1.0,1.0
C00624,1.0,0.0,0.0
C01563,1.0,0.0,0.0
C01636,1.0,0.0,0.0
C11860,1.0,0.0,0.0
C05631,1.0,0.0,0.0
C00681,1.0,0.0,1.0
C03363,1.0,0.0,0.0
C09826,1.0,0.0,0.0
C11481,1.0,1.0,1.0
C04322,1.0,1.0,1.0
C00196,1.0,0.0,0.0
C02588,1.0,0.0,0.0
C20485,1.0,0.0,0.0
C04916,1.0,0.0,0.0
C01644,1.0,0.0,0.0
C02670,1.0,1.0,1.0
C21057,1.0,0.0,0.0
C00551,1.0,0.0,0.0
C00705,1.0,1.0,1.0
C05903,1.0,0.0,0.0
C05645,1.0,1.0,1.0
C20950,1.0,0.0,0.0
C11175,1.0,1.0,1.0
C16168,1.0,1.0,1.0
C00882,1.0,1.0,1.0
C05906,1.0,0.0,0.0
C00092,1.0,1.0,1.0
C00394,1.0,0.0,0.0
C00362,1.0,1.0,1.0
C20836,1.0,0.0,0.0
C02504,1.0,0.0,0.0
C00512,1.0,0.0,0.0
C00525,1.0,0.0,0.0
C21742,1.0,0.0,0.0
C16404,1.0,0.0,0.0
C00860,1.0,0.0,0.0
C16463,1.0,0.0,0.0
C05608,1.0,0.0,0.0
C00141,1.0,1.0,1.0
C00760,1.0,0.0,0.0
C11924,1.0,1.0,1.0
C00389,1.0,0.0,0.0
C00668,1.0,0.0,0.0
C02741,1.0,0.0,0.0
C00031,1.0,1.0,1.0
C00145,1.0,0.0,0.0
C00046,1.0,0.0,0.0
C00436,1.0,0.0,0.0
C03740,1.0,0.0,0.0
C03360,1.0,1.0,1.0
C02325,1.0,0.0,0.0
C01944,1.0,1.0,1.0
C16218,1.0,1.0,1.0
C00247,1.0,0.0,0.0
C15547,1.0,0.0,0.0
C00128,1.0,1.0,1.0
C00669,1.0,1.0,1.0
C00170,1.0,1.0,1.0
C05273,1.0,1.0,1.0
C14146,1.0,0.0,0.0
C00044,1.0,1.0,1.0
C15496,1.0,0.0,0.0
C11861,1.0,0.0,0.0
C02659,1.0,0.0,0.0
C05435,1.0,0.0,0.0
C01420,1.0,1.0,0.0
C00235,1.0,1.0,1.0
C21943,1.0,0.0,0.0
C00307,1.0,1.0,1.0
C05577,1.0,1.0,1.0
C03150,1.0,1.0,1.0
C01598,1.0,1.0,1.0
C01646,1.0,0.0,0.0
C05936,1.0,1.0,1.0
C00984,1.0,1.0,1.0
C09727,1.0,0.0,0.0
C15786,1.0,0.0,0.0
C02693,1.0,0.0,0.0
C01260,1.0,1.0,1.0
C04144,1.0,0.0,1.0
C21642,1.0,1.0,1.0
C00582,1.0,1.0,1.0
C01635,1.0,0.0,0.0
C00588,1.0,1.0,1.0
C03736,1.0,1.0,1.0
C02094,1.0,1.0,1.0
C00409,1.0,1.0,1.0
C03344,1.0,0.0,0.0
C05813,1.0,0.0,0.0
C11907,1.0,0.0,1.0
C04332,1.0,0.0,0.0
C05130,1.0,1.0,1.0
C00114,1.0,1.0,1.0
C03287,1.0,0.0,0.0
C01284,1.0,1.0,1.0
C07118,1.0,0.0,0.0
C00577,1.0,1.0,1.0
C15780,1.0,0.0,0.0
C04736,1.0,0.0,0.0
C00630,1.0,0.0,0.0
C02985,1.0,1.0,0.0
C00010,1.0,1.0,1.0
C03539,1.0,0.0,0.0
C15781,1.0,0.0,0.0
C01243,1.0,1.0,1.0
C01183,1.0,0.0,0.0
C00633,1.0,0.0,0.0
C00244,1.0,0.0,0.0
C05413,1.0,0.0,0.0
C04377,1.0,0.0,0.0
C06124,1.0,1.0,1.0
C00074,1.0,1.0,1.0
C16532,1.0,1.0,1.0
C00132,1.0,1.0,1.0
C01182,1.0,0.0,0.0
C00011,1.0,1.0,1.0
C01251,1.0,0.0,0.0
C04855,1.0,0.0,0.0
C14180,1.0,1.0,1.0
C11356,1.0,1.0,1.0
C05330,1.0,1.0,1.0
C07350,1.0,0.0,0.0
C01879,1.0,1.0,1.0
C06715,1.0,0.0,0.0
C16434,1.0,1.0,1.0
C08334,1.0,0.0,0.0
C05838,1.0,1.0,1.0
C16528,1.0,1.0,1.0
C00597,1.0,1.0,1.0
C19969,1.0,0.0,0.0
C03899,1.0,0.0,0.0
C01118,1.0,0.0,0.0
C00353,1.0,0.0,1.0
C13425,1.0,0.0,0.0
C15777,1.0,0.0,0.0
C01220,1.0,1.0,1.0
C00704,1.0,1.0,1.0
C03284,1.0,1.0,1.0
C00956,1.0,1.0,1.0
C00284,1.0,0.0,0.0
C01794,1.0,1.0,1.0
C20904,1.0,0.0,0.0
C15867,1.0,0.0,0.0
C00417,1.0,1.0,1.0
C20905,1.0,0.0,0.0
C00127,1.0,1.0,1.0
"C00110, C00621, C21212",1.0,0.0,0.0
C01718,1.0,1.0,1.0
C02646,1.0,0.0,0.0
C17276,1.0,1.0,1.0
C00037,1.0,1.0,1.0
C04677,1.0,1.0,1.0
C00144,1.0,1.0,1.0
C01962,1.0,1.0,1.0
C01832,1.0,0.0,1.0
C00606,1.0,1.0,1.0
C20835,1.0,1.0,1.0
C02938,1.0,0.0,0.0
C00083,1.0,1.0,1.0
C00303,1.0,1.0,1.0
C20948,1.0,0.0,0.0
C00187,1.0,1.0,1.0
C03175,1.0,0.0,0.0
C03546,1.0,1.0,1.0
C05576,1.0,1.0,1.0
C00013,1.0,1.0,1.0
C00483,1.0,1.0,1.0
C06006,1.0,0.0,0.0
C06424,1.0,1.0,0.0
C05261,1.0,1.0,0.0
C00536,1.0,1.0,1.0
C00527,1.0,0.0,1.0
C04272,1.0,0.0,0.0
C04823,1.0,1.0,1.0
C00499,1.0,1.0,1.0
C06007,1.0,0.0,0.0
C02362,1.0,0.0,0.0
C00611,1.0,0.0,0.0
C01149,1.0,1.0,1.0
C11863,1.0,0.0,0.0
C04882,1.0,0.0,0.0
C05686,1.0,1.0,1.0
C00255,1.0,1.0,1.0
C11875,1.0,0.0,0.0
C00084,1.0,1.0,1.0
C02067,1.0,0.0,0.0
C16360,1.0,0.0,0.0
C14151,1.0,0.0,0.0
C11821,1.0,1.0,1.0
C00152,1.0,1.0,1.0
C05839,1.0,1.0,1.0
C00221,1.0,0.0,0.0
C00003,1.0,1.0,1.0
C04702,1.0,0.0,0.0
C16374,1.0,0.0,0.0
C10906,1.0,1.0,1.0
C05634,1.0,1.0,1.0
C11874,1.0,0.0,0.0
C00053,1.0,1.0,1.0
C16565,1.0,0.0,0.0
C05897,1.0,0.0,0.0
C00461,1.0,0.0,1.0
C00859,1.0,0.0,0.0
C00068,1.0,1.0,1.0
C00256,1.0,1.0,1.0
C13870,1.0,0.0,0.0
C10438,1.0,0.0,0.0
C01481,1.0,1.0,0.0
C01943,1.0,0.0,0.0
C00233,1.0,1.0,1.0
C05275,1.0,1.0,1.0
C16330,1.0,0.0,0.0
C00086,1.0,1.0,1.0
C12137,1.0,0.0,0.0
C05529,1.0,1.0,1.0
C03081,1.0,0.0,0.0
C16334,1.0,0.0,0.0
C07113,1.0,0.0,0.0
C00430,1.0,1.0,1.0
C00534,1.0,1.0,1.0
C01079,1.0,1.0,1.0
C19967,1.0,0.0,0.0
C01272,1.0,1.0,1.0
C04376,1.0,1.0,1.0
C04890,1.0,0.0,0.0
C01885,1.0,0.0,0.0
C00493,1.0,0.0,0.0
C00693,1.0,0.0,0.0
C05271,1.0,0.0,0.0
C08613,1.0,0.0,0.0
C21743,1.0,0.0,0.0
C11630,1.0,0.0,0.0
C05265,1.0,0.0,1.0
C00035,1.0,1.0,1.0
C00160,1.0,1.0,1.0
C00647,1.0,1.0,1.0
C06604,1.0,0.0,0.0
C05528,1.0,1.0,1.0
C06608,1.0,0.0,0.0
C00250,1.0,1.0,1.0
C01835,1.0,1.0,1.0
C00154,1.0,1.0,1.0
C00253,1.0,1.0,1.0
C02218,1.0,1.0,1.0
C00238,1.0,1.0,1.0
C01419,1.0,1.0,1.0
C01650,1.0,0.0,0.0
C01643,1.0,0.0,0.0
C16163,1.0,1.0,1.0
C03136,1.0,1.0,1.0
C04425,1.0,0.0,0.0
C00043,1.0,1.0,1.0
C16331,1.0,0.0,0.0
C00020,1.0,1.0,1.0
C16389,1.0,0.0,0.0
C00613,1.0,0.0,0.0
C02470,1.0,1.0,1.0
C16180,1.0,0.0,0.0
C00412,1.0,1.0,1.0
C03492,1.0,1.0,1.0
C03232,1.0,1.0,1.0
C03044,1.0,0.0,0.0
C17556,1.0,0.0,0.0
C01651,1.0,0.0,0.0
C00327,1.0,1.0,1.0
C04732,1.0,0.0,0.0
C05951,1.0,1.0,1.0
C05258,1.0,0.0,0.0
C01762,1.0,1.0,1.0
C01653,1.0,0.0,0.0
C05924,1.0,0.0,0.0
C01233,1.0,0.0,0.0
C19759,1.0,0.0,0.0
C04281,1.0,1.0,1.0
C01322,1.0,0.0,0.0
C08287,1.0,0.0,0.0
C04489,1.0,0.0,0.0
C16469,1.0,0.0,0.0
C04574,1.0,0.0,0.0
C00088,1.0,1.0,1.0
C00601,1.0,1.0,1.0
C15782,1.0,0.0,0.0
C01674,1.0,1.0,1.0
C08821,1.0,0.0,0.0
C03157,1.0,0.0,0.0
C00134,1.0,1.0,1.0
C00159,1.0,1.0,1.0
C21072,1.0,1.0,1.0
C02939,1.0,1.0,1.0
C16387,1.0,0.0,0.0
C00620,1.0,1.0,1.0
C00059,1.0,1.0,1.0
C04590,1.0,0.0,0.0
C00116,1.0,1.0,1.0
C00137,1.0,1.0,1.0
C00118,1.0,0.0,0.0
C01008,1.0,0.0,0.0
C00880,1.0,0.0,0.0
C04411,1.0,0.0,0.0
C06428,1.0,1.0,1.0
C19892,1.0,0.0,0.0
C04043,1.0,1.0,1.0
C20623,1.0,0.0,0.0
C05431,1.0,0.0,0.0
C00954,1.0,1.0,1.0
C01037,1.0,0.0,0.0
C00058,1.0,1.0,1.0
C01494,1.0,0.0,0.0
C00719,1.0,1.0,1.0
C12138,1.0,0.0,0.0
C02593,1.0,1.0,1.0
C01617,1.0,0.0,0.0
C04752,1.0,0.0,0.0
C19966,1.0,0.0,0.0
C01652,1.0,0.0,0.0
C03384,1.0,1.0,1.0
C00986,1.0,1.0,1.0
C00666,1.0,0.0,0.0
C00103,1.0,1.0,0.0
C05619,1.0,0.0,0.0
C06202,1.0,0.0,0.0
C07330,1.0,0.0,0.0
C15522,1.0,1.0,1.0
C00332,1.0,1.0,1.0
C21297,1.0,0.0,0.0
C05107,1.0,1.0,0.0
C01179,1.0,1.0,1.0
C15816,1.0,0.0,0.0
C04494,1.0,1.0,0.0
C08270,1.0,0.0,0.0
C00492,1.0,0.0,0.0
C00346,1.0,1.0,1.0
C14818,1.0,1.0,1.0
C01847,1.0,0.0,0.0
C15545,1.0,0.0,0.0
C00655,1.0,1.0,1.0
C06196,1.0,1.0,1.0
C12204,1.0,0.0,0.0
C00081,1.0,1.0,1.0
C17946,1.0,0.0,0.0
C00213,1.0,1.0,1.0
C01063,1.0,0.0,0.0
C10107,1.0,0.0,0.0
C00207,1.0,1.0,1.0
C02576,1.0,1.0,1.0
C05662,1.0,0.0,0.0
C04454,1.0,0.0,0.0
C04294,1.0,0.0,0.0
C00301,1.0,1.0,1.0
C00099,1.0,1.0,1.0
C03765,1.0,1.0,1.0
C15808,1.0,0.0,0.0
C00101,1.0,1.0,1.0
C02965,1.0,0.0,0.0
C05259,1.0,1.0,1.0
C21006,1.0,0.0,0.0
C00295,1.0,1.0,1.0
C00079,1.0,1.0,1.0
C00121,1.0,1.0,1.0
C02666,1.0,0.0,0.0
C01717,1.0,1.0,1.0
C00474,1.0,1.0,1.0
C00585,1.0,0.0,0.0
C00300,1.0,1.0,1.0
C01143,1.0,1.0,1.0
C00212,1.0,1.0,1.0
C04146,1.0,0.0,0.0
C00689,1.0,0.0,0.0
C08336,1.0,0.0,0.0
C06607,1.0,0.0,0.0
C00272,1.0,1.0,0.0
C00974,1.0,0.0,0.0
C00519,1.0,1.0,1.0
C01144,1.0,0.0,0.0
C12248,1.0,1.0,0.0
C00167,1.0,1.0,1.0
C05108,1.0,0.0,0.0
C21945,1.0,0.0,1.0
C00345,1.0,1.0,1.0
C01269,1.0,0.0,0.0
C00559,1.0,1.0,1.0
C01100,1.0,0.0,0.0
C02305,1.0,1.0,1.0
C06425,1.0,1.0,1.0
C00315,1.0,1.0,1.0
C00120,1.0,1.0,1.0
C01352,1.0,1.0,1.0
C16327,1.0,0.0,0.0
C01638,1.0,0.0,0.0
C00028,1.0,0.0,0.0
C06605,1.0,0.0,0.0
C01024,1.0,1.0,1.0
C01449,1.0,0.0,0.0
C05335,1.0,1.0,1.0
C04785,1.0,0.0,0.0
C00189,1.0,1.0,1.0
C04691,1.0,0.0,0.0
C01189,1.0,1.0,0.0
C04006,1.0,1.0,1.0
C00222,1.0,0.0,1.0
C00151,1.0,0.0,0.0
C01752,1.0,0.0,0.0
C19915,1.0,0.0,0.0
C00870,1.0,1.0,1.0
C12402,1.0,0.0,0.0
C00002,1.0,1.0,1.0
C00296,1.0,0.0,0.0
C00305,1.0,0.0,1.0
C01342,1.0,1.0,1.0
C05610,1.0,0.0,0.0
C01326,1.0,1.0,1.0
C00500,1.0,1.0,1.0
C01231,1.0,0.0,0.0
C06426,1.0,1.0,1.0
C00398,1.0,1.0,1.0
C11865,1.0,0.0,0.0
C05601,1.0,0.0,0.0
C04520,1.0,1.0,1.0
C00978,1.0,1.0,0.0
C01649,1.0,0.0,0.0
C01157,1.0,1.0,1.0
C05702,1.0,0.0,0.0
C17440,1.0,0.0,0.0
C03090,1.0,1.0,1.0
C00449,1.0,0.0,0.0
C00246,1.0,1.0,1.0
C00077,1.0,1.0,1.0
C03162,1.0,0.0,0.0
C00576,1.0,1.0,1.0
C01353,1.0,1.0,1.0
C01094,1.0,1.0,1.0
C21030,1.0,0.0,0.0
C00349,1.0,1.0,1.0
C01083,1.0,1.0,1.0
C00275,1.0,1.0,1.0
C00677,1.0,0.0,0.0
C03120,1.0,0.0,0.0
C02465,1.0,1.0,1.0
C03221,1.0,0.0,1.0
C00323,1.0,0.0,0.0
C01236,1.0,1.0,1.0
C00712,1.0,1.0,1.0
C00741,1.0,0.0,0.0
C04751,1.0,1.0,0.0
C14145,1.0,0.0,0.0
C00745,1.0,0.0,0.0
C00175,1.0,1.0,1.0
C03630,1.0,0.0,0.0
C00286,1.0,1.0,1.0
C22136,1.0,0.0,0.0
C18218,1.0,1.0,1.0
C03648,1.0,0.0,0.0
C14144,1.0,0.0,0.0
C00385,1.0,1.0,1.0
C16435,1.0,1.0,1.0
C05698,1.0,1.0,1.0
C00176,1.0,0.0,0.0
C11857,1.0,0.0,0.0
C01300,1.0,0.0,0.0
C00258,1.0,1.0,1.0
C00942,1.0,1.0,1.0
C01051,1.0,1.0,1.0
C00498,1.0,1.0,0.0
C01330,1.0,1.0,1.0
C05604,1.0,1.0,1.0
C03506,1.0,0.0,0.0
C02209,1.0,0.0,0.0
C01594,1.0,0.0,0.0
C03339,1.0,1.0,1.0
C04856,1.0,0.0,0.0
C04232,1.0,0.0,0.0
C16466,1.0,0.0,0.0
C00590,1.0,0.0,0.0
C05332,1.0,1.0,1.0
C14228,1.0,0.0,0.0
C03871,1.0,0.0,0.0
C00976,1.0,0.0,0.0
C00627,1.0,1.0,1.0
C08586,1.0,0.0,0.0
C20641,1.0,0.0,0.0
C00062,1.0,1.0,1.0
C00236,1.0,1.0,1.0
C00198,1.0,0.0,0.0
C00080,1.0,1.0,1.0
C05267,1.0,0.0,0.0
C02946,1.0,1.0,1.0
C04053,1.0,0.0,0.0
C01956,1.0,0.0,0.0
C15915,1.0,0.0,1.0
C00885,1.0,0.0,0.0
C01648,1.0,0.0,0.0
C02929,1.0,0.0,0.0
C15785,1.0,0.0,0.0
C00104,1.0,1.0,1.0
C00021,1.0,1.0,1.0
C01678,1.0,1.0,1.0
C01596,1.0,0.0,0.0
C15854,1.0,0.0,0.0
C05925,1.0,0.0,0.0
C01222,1.0,1.0,1.0
C11215,1.0,0.0,0.0
C01040,1.0,1.0,1.0
C00826,1.0,0.0,0.0
C02934,1.0,1.0,1.0
C19616,1.0,0.0,0.0
C00041,1.0,1.0,1.0
C05768,1.0,1.0,0.0
C16468,1.0,0.0,0.0
C16173,1.0,1.0,1.0
C00194,1.0,1.0,1.0
C02029,1.0,0.0,0.0
C13690,1.0,1.0,1.0
C15790,1.0,0.0,0.0
C00352,1.0,1.0,1.0
C00418,1.0,1.0,1.0
C00392,1.0,1.0,1.0
C15798,1.0,0.0,0.0
C00450,1.0,1.0,1.0
C01571,1.0,1.0,1.0
C05921,1.0,1.0,1.0
C01682,1.0,0.0,0.0
C01127,1.0,1.0,1.0
C01518,1.0,0.0,0.0
C11811,1.0,0.0,0.0
C00440,1.0,1.0,1.0
C00124,1.0,0.0,0.0
C06367,1.0,0.0,0.0
C00962,1.0,0.0,0.0
C03373,1.0,1.0,1.0
C00133,1.0,1.0,1.0
C00341,1.0,0.0,1.0
C00555,1.0,1.0,1.0
C01595,1.0,1.0,1.0
C03025,1.0,0.0,0.0
C05276,1.0,0.0,1.0
C11538,1.0,0.0,0.0
C07480,1.0,0.0,0.0
C01530,1.0,1.0,0.0
C01527,1.0,0.0,0.0
C08362,1.0,1.0,0.0
C01989,1.0,0.0,0.0
C00506,1.0,1.0,1.0
C01345,1.0,1.0,1.0
C00868,1.0,0.0,0.0
C00108,1.0,1.0,1.0
C05699,1.0,1.0,1.0
C00147,1.0,1.0,1.0
C01693,1.0,1.0,1.0
C00261,1.0,0.0,0.0
C00314,1.0,1.0,1.0
C06429,1.0,1.0,1.0
C04088,1.0,0.0,1.0
C15571,1.0,0.0,0.0
C00517,1.0,1.0,1.0
C05198,1.0,0.0,0.0
C16525,1.0,0.0,0.0
C00033,1.0,1.0,1.0
C11868,1.0,0.0,0.0
C19610,1.0,0.0,1.0
C16530,1.0,0.0,0.0
C19702,1.0,0.0,0.0
C00223,1.0,0.0,0.0
C01304,1.0,0.0,0.0
C00406,1.0,0.0,0.0
C08650,1.0,0.0,0.0
C00546,1.0,1.0,1.0
C00337,1.0,1.0,1.0
C00894,1.0,0.0,0.0
C01637,1.0,0.0,0.0
C00376,1.0,1.0,1.0
C00378,1.0,1.0,1.0
C05557,1.0,0.0,0.0
C07281,1.0,0.0,0.0
C21944,1.0,1.0,0.0
C01134,1.0,1.0,1.0
C05382,1.0,1.0,1.0
C00631,1.0,1.0,1.0
C00156,1.0,0.0,0.0
C16639,1.0,0.0,0.0
C06244,1.0,0.0,0.0
C01204,1.0,1.0,1.0
C01902,1.0,0.0,0.0
C00957,1.0,1.0,1.0
C03974,1.0,0.0,0.0
C22234,1.0,0.0,0.0
C00828,1.0,0.0,0.0
C00024,1.0,1.0,1.0
C05260,1.0,1.0,1.0
C00149,1.0,1.0,1.0
C04640,1.0,1.0,1.0
C00857,1.0,1.0,1.0
C00680,1.0,0.0,0.0
C00169,1.0,1.0,1.0
C16256,1.0,0.0,0.0
C03227,1.0,1.0,1.0
C12305,1.0,0.0,0.0
C05067,1.0,0.0,0.0
C06094,1.0,0.0,0.0
C01468,1.0,0.0,0.0
C01165,1.0,1.0,0.0
C10023,1.0,0.0,0.0
C05814,1.0,0.0,0.0
C15882,1.0,0.0,0.0
C04666,1.0,0.0,0.0
C06508,1.0,0.0,0.0
C00768,1.0,1.0,1.0
C00251,1.0,0.0,0.0
C00019,1.0,1.0,1.0
C00539,1.0,1.0,1.0
C00075,1.0,1.0,1.0
C00388,1.0,1.0,1.0
C00447,1.0,1.0,1.0
C01054,1.0,0.0,0.0
C13747,1.0,0.0,0.0
C15817,1.0,0.0,0.0
C00039,1.0,0.0,0.0
C00877,1.0,0.0,0.0
C10385,1.0,0.0,0.0
C05912,1.0,0.0,0.0
C04631,1.0,0.0,0.0
C00054,1.0,1.0,1.0
C00364,1.0,1.0,1.0
C02603,1.0,0.0,0.0
C12249,1.0,0.0,0.0
C00239,1.0,1.0,1.0
C03160,1.0,0.0,0.0
C01855,1.0,0.0,0.0
C03172,1.0,0.0,0.0
C05998,1.0,0.0,1.0
C19968,1.0,0.0,0.0
C00334,1.0,1.0,1.0
C17234,1.0,0.0,0.0
C16636,1.0,0.0,0.0
C02141,1.0,0.0,0.0
C05911,1.0,0.0,0.0
C05394,1.0,1.0,1.0
C06427,1.0,1.0,1.0
C01036,1.0,1.0,1.0
C01168,1.0,0.0,0.0
C00387,1.0,1.0,1.0
C00438,1.0,1.0,1.0
C03263,1.0,1.0,1.0
C02700,1.0,0.0,0.0
C00262,1.0,1.0,1.0
C00129,1.0,1.0,1.0
C05819,1.0,0.0,0.0
C06001,1.0,0.0,0.0
C01852,1.0,0.0,0.0
C06155,1.0,0.0,0.0
C16844,1.0,0.0,0.0
C00008,1.0,1.0,1.0
C00683,1.0,0.0,0.0
C00027,1.0,1.0,1.0
C00716,1.0,0.0,0.0
C00073,1.0,1.0,1.0
C13645,1.0,0.0,0.0
C02642,1.0,1.0,1.0
C05527,1.0,1.0,1.0
C16353,1.0,0.0,0.0
C04236,1.0,0.0,0.0
C06123,1.0,1.0,1.0
C17432,1.0,1.0,1.0
C00405,1.0,0.0,0.0
C20624,1.0,0.0,0.0
C05598,1.0,0.0,0.0
C01250,1.0,0.0,0.0
"C00157, C03631, C03889",1.0,0.0,0.0
C06056,1.0,0.0,0.0
C00623,1.0,0.0,0.0
C16166,1.0,1.0,1.0
C00283,1.0,1.0,1.0
C00360,1.0,1.0,1.0
C06547,1.0,0.0,0.0
C20951,1.0,0.0,0.0
C00459,1.0,1.0,1.0
C16439,1.0,0.0,0.0
C02372,1.0,0.0,0.0
C00720,1.0,0.0,0.0
C00936,1.0,0.0,0.0
C01936,1.0,1.0,1.0
C01092,1.0,0.0,0.0
C01672,1.0,0.0,0.0
C05439,1.0,0.0,0.0
C00637,1.0,1.0,1.0
C16169,1.0,1.0,1.0
C00029,1.0,1.0,1.0
C00399,1.0,0.0,0.0
C00738,1.0,0.0,0.0
C00022,1.0,1.0,1.0
C03465,1.0,1.0,1.0
C15606,1.0,1.0,0.0
C00451,1.0,0.0,0.0
C00322,1.0,1.0,1.0
C00158,1.0,1.0,1.0
C21529,1.0,0.0,0.0
C03035,1.0,1.0,1.0
C00105,1.0,1.0,1.0
C00061,1.0,1.0,1.0
C00038,1.0,1.0,1.0
C00818,1.0,1.0,1.0
C00580,1.0,0.0,0.0
C16436,1.0,1.0,1.0
C00299,1.0,1.0,1.0
C03579,1.0,0.0,0.0
C02320,1.0,0.0,0.0
C00208,1.0,1.0,1.0
C05578,1.0,1.0,1.0
C00958,1.0,0.0,0.0
C02060,1.0,1.0,1.0
C00804,1.0,0.0,0.0
C00005,1.0,1.0,1.0
C03758,1.0,1.0,1.0
C01267,1.0,0.0,0.0
C16276,1.0,0.0,0.0
C11864,1.0,0.0,0.0
C00415,1.0,1.0,1.0
C11355,1.0,0.0,0.0
C00112,1.0,1.0,1.0
C16356,1.0,0.0,0.0
C00490,1.0,0.0,0.0
C04734,1.0,1.0,1.0
C11436,1.0,0.0,0.0
C11437,1.0,0.0,0.0
C00308,1.0,0.0,0.0
C05635,1.0,1.0,1.0
C16164,1.0,1.0,1.0
C11508,1.0,0.0,0.0
C15980,1.0,0.0,0.0
C00004,1.0,1.0,1.0
C04895,1.0,1.0,1.0
C15998,1.0,0.0,0.0
C20482,1.0,0.0,0.0
C01582,1.0,0.0,0.0
C02483,1.0,1.0,0.0
C05774,1.0,0.0,0.0
C00800,1.0,1.0,0.0
C01205,1.0,1.0,1.0
C04063,1.0,1.0,1.0
C00006,1.0,1.0,1.0
C17691,1.0,0.0,0.0
C15858,1.0,0.0,0.0
C00691,1.0,0.0,0.0
C01642,1.0,0.0,0.0
C08323,1.0,1.0,1.0
C16440,1.0,1.0,1.0
C16376,1.0,0.0,0.0
C05427,1.0,0.0,0.0
C20825,1.0,0.0,0.0
C00231,1.0,1.0,1.0
C00007,1.0,1.0,1.0
C00547,1.0,1.0,1.0
C01103,1.0,1.0,1.0
C05840,1.0,0.0,0.0
C05268,1.0,0.0,0.0
C04477,1.0,1.0,1.0
C05434,1.0,0.0,0.0
C00363,1.0,1.0,1.0
C01107,1.0,1.0,1.0
C00931,1.0,1.0,1.0
C01050,1.0,0.0,0.0
C02380,1.0,0.0,0.0
C04216,1.0,0.0,0.0
C00060,1.0,0.0,0.0
C00016,1.0,1.0,1.0
C02953,1.0,1.0,1.0
C00522,1.0,0.0,0.0
C00673,1.0,1.0,1.0
C00357,1.0,1.0,1.0
C05643,1.0,1.0,1.0
C00055,1.0,1.0,1.0
C00051,1.0,1.0,1.0
C16338,1.0,0.0,0.0
C05688,1.0,1.0,1.0
C06002,1.0,0.0,0.0
C00042,1.0,1.0,1.0
C05658,1.0,0.0,0.0
C00052,1.0,1.0,1.0
C04896,1.0,0.0,0.0
C00375,1.0,0.0,0.0
C14131,1.0,0.0,0.0
C12144,1.0,0.0,0.0
C02050,1.0,1.0,1.0
C16332,1.0,0.0,0.0
C04327,1.0,0.0,0.0
C05402,1.0,0.0,0.0
C00294,1.0,1.0,1.0
C01825,1.0,1.0,1.0
C02835,1.0,1.0,1.0
C01252,1.0,1.0,1.0
C03838,1.0,1.0,1.0
C07086,1.0,1.0,1.0
C05778,1.0,0.0,0.0
C21080,1.0,0.0,0.0
C18055,1.0,1.0,1.0
C04874,1.0,1.0,1.0
C00864,1.0,1.0,1.0
C05841,1.0,1.0,1.0
C16321,1.0,0.0,0.0
C06010,1.0,0.0,0.0
C05467,1.0,1.0,0.0
C01180,1.0,1.0,1.0
C00018,1.0,1.0,1.0
C00603,1.0,0.0,1.0
C02035,1.0,0.0,0.0
C03245,1.0,0.0,0.0
C07343,1.0,0.0,0.0
C01137,1.0,1.0,1.0
C01228,1.0,1.0,0.0
C01005,1.0,1.0,1.0
C01528,1.0,1.0,1.0
C01328,1.0,1.0,1.0
C16470,1.0,0.0,0.0
C05668,1.0,0.0,1.0
C01645,1.0,0.0,0.0
C00242,1.0,1.0,1.0
C00025,1.0,1.0,1.0
C09762,1.0,0.0,0.0
C06032,1.0,0.0,0.0
C00136,1.0,1.0,1.0
C05851,1.0,1.0,1.0
C00455,1.0,1.0,1.0
C00097,1.0,1.0,1.0
C00032,1.0,1.0,1.0
C00482,1.0,0.0,0.0
C21932,1.0,1.0,1.0
C00269,1.0,0.0,0.0
C02477,1.0,1.0,1.0
C04851,1.0,0.0,0.0
C06606,1.0,0.0,0.0
C02846,1.0,0.0,0.0
C03312,1.0,0.0,0.0
C01302,1.0,0.0,0.0
C01888,1.0,1.0,1.0
C05909,1.0,0.0,0.0
C01327,1.0,1.0,1.0
C00096,1.0,1.0,1.0
C01132,1.0,1.0,1.0
C03460,1.0,0.0,0.0
C03242,1.0,1.0,1.0
C00048,1.0,1.0,1.0
C01909,1.0,0.0,0.0
C00458,1.0,1.0,1.0
C00842,1.0,0.0,1.0
C17267,1.0,0.0,0.0
C21761,1.0,0.0,0.0
C00188,1.0,1.0,1.0
C00475,1.0,1.0,1.0
C01346,1.0,1.0,1.0
C05172,1.0,1.0,1.0
C03082,1.0,0.0,0.0
C20258,1.0,0.0,0.0
C16675,1.0,0.0,0.0
C00067,1.0,1.0,1.0
C00063,1.0,1.0,1.0
C06095,1.0,0.0,0.0
C01659,1.0,0.0,0.0
C16335,1.0,0.0,0.0
C00911,1.0,0.0,0.0
C00257,1.0,1.0,1.0
C00865,1.0,0.0,0.0
C15776,1.0,0.0,0.0
C04840,1.0,0.0,0.0
C03078,1.0,0.0,0.0
C06118,1.0,0.0,0.0
C00217,1.0,0.0,0.0
C03794,1.0,1.0,1.0
C15857,1.0,0.0,0.0
C19848,1.0,0.0,0.0
C06368,1.0,0.0,0.0
C02906,1.0,0.0,0.0
C03145,1.0,0.0,0.0
C05379,1.0,1.0,1.0
C19790,1.0,0.0,0.0
C00072,1.0,1.0,1.0
C16695,1.0,0.0,0.0
C04171,1.0,0.0,0.0
C00325,1.0,1.0,1.0
C16300,1.0,1.0,1.0
C16165,1.0,1.0,1.0
C01268,1.0,0.0,0.0
C02463,1.0,0.0,0.0
C00109,1.0,1.0,1.0
C00122,1.0,1.0,1.0
C00036,1.0,1.0,1.0
C02743,1.0,0.0,0.0
C06055,1.0,0.0,0.0
C01639,1.0,0.0,0.0
C05766,1.0,1.0,1.0
C05852,1.0,1.0,1.0
C00636,1.0,1.0,1.0
C00091,1.0,0.0,1.0
C05274,1.0,0.0,1.0
C05512,1.0,1.0,1.0
C01344,1.0,1.0,1.0
C16167,1.0,1.0,1.0
C03274,1.0,0.0,0.0
C15565,1.0,0.0,0.0
C06255,1.0,0.0,0.0
C00164,1.0,1.0,1.0
C00249,1.0,1.0,0.0
C05272,1.0,1.0,1.0
C00076,1.0,1.0,1.0
C18237,1.0,0.0,0.0
C21005,1.0,0.0,0.0
C00575,1.0,1.0,1.0
C15795,1.0,0.0,0.0
C00570,1.0,1.0,1.0
C15930,1.0,0.0,0.0
C08281,1.0,1.0,1.0
C05378,1.0,1.0,1.0
C01031,1.0,1.0,1.0
C16328,1.0,0.0,0.0
C01234,1.0,0.0,0.0
C20969,1.0,0.0,0.0
C00319,1.0,1.0,1.0
C06423,1.0,1.0,1.0
C01417,1.0,0.0,1.0
C00665,1.0,1.0,1.0
C06422,1.0,0.0,0.0
C15796,1.0,0.0,0.0
C00988,1.0,1.0,1.0
C19965,1.0,0.0,0.0
C04076,1.0,1.0,1.0
C00411,1.0,0.0,0.0
C06432,1.0,0.0,0.0
C16172,1.0,1.0,1.0
C00785,1.0,0.0,1.0
C00944,1.0,0.0,0.0
C01384,1.0,0.0,0.0
C00138,1.0,0.0,0.0
C00001,1.0,1.0,1.0
C00615,1.0,0.0,0.0
C08333,1.0,0.0,0.0
C16336,1.0,0.0,0.0
C00437,1.0,1.0,1.0
C02712,1.0,1.0,1.0
C03451,1.0,1.0,1.0
C04352,1.0,1.0,1.0
C03885,1.0,0.0,0.0
C00199,1.0,1.0,1.0
C00224,1.0,1.0,1.0
C00810,1.0,0.0,0.0
C01259,1.0,1.0,1.0
C05109,1.0,0.0,1.0
C11512,1.0,0.0,0.0
C01545,1.0,0.0,0.0
C00119,1.0,1.0,1.0
C00263,1.0,1.0,1.0
C16312,1.0,0.0,0.0
C06813,1.0,0.0,0.0
C03383,1.0,0.0,0.0
C08725,1.0,0.0,0.0
C06352,1.0,0.0,0.0
C03595,1.0,1.0,1.0
C00190,1.0,1.0,1.0
C00139,1.0,0.0,0.0
C02052,1.0,1.0,1.0
C16538,1.0,0.0,0.0
C00966,1.0,0.0,0.0
C05623,1.0,0.0,0.0
C20838,1.0,0.0,0.0
C14819,1.0,1.0,1.0
C04807,1.0,0.0,0.0
C16614,1.0,0.0,0.0
C03574,1.0,0.0,0.0
C00811,1.0,1.0,0.0
C00609,1.0,0.0,0.0
C04302,1.0,0.0,0.0
C01120,1.0,1.0,1.0
C05345,1.0,1.0,1.0
C02191,1.0,0.0,0.0
C03345,1.0,1.0,1.0
C00700,1.0,1.0,1.0
C12632,1.0,0.0,0.0
C11453,1.0,0.0,0.0
C05697,1.0,1.0,1.0
C01217,1.0,0.0,0.0
C00093,1.0,1.0,1.0
C00191,1.0,1.0,1.0
C00751,1.0,0.0,0.0
C01185,1.0,1.0,1.0
C05264,1.0,1.0,1.0
C01177,1.0,1.0,1.0
C01802,1.0,1.0,1.0
C00780,1.0,1.0,1.0
C15926,1.0,0.0,0.0
C00179,1.0,0.0,0.0
C01929,1.0,0.0,0.0
C05269,1.0,0.0,0.0
C03069,1.0,0.0,0.0
C01172,1.0,0.0,0.0
C00166,1.0,1.0,1.0
C00509,1.0,0.0,0.0
C03972,1.0,0.0,0.0
C06000,1.0,0.0,0.0
C00153,1.0,1.0,1.0
C08539,1.0,0.0,0.0
C07345,1.0,0.0,0.0
C00805,1.0,0.0,0.0
C00469,1.0,1.0,1.0
C11435,1.0,0.0,0.0
C00130,1.0,1.0,1.0
C01647,1.0,0.0,0.0
C16700,1.0,0.0,0.0
C20635,1.0,1.0,1.0
C02637,1.0,0.0,0.0
C00460,1.0,1.0,1.0
C01755,1.0,1.0,1.0
C11434,1.0,0.0,0.0
C20949,1.0,0.0,0.0
C05270,1.0,0.0,1.0
C05433,1.0,0.0,0.0
C00441,1.0,0.0,0.0
C01613,1.0,0.0,0.0
C05432,1.0,0.0,0.0
C01867,1.0,0.0,0.0
C05905,1.0,0.0,0.0
C01310,1.0,0.0,0.0
C05263,1.0,0.0,1.0
C16170,1.0,1.0,1.0
C02112,1.0,0.0,1.0
C00822,1.0,1.0,1.0
C00979,1.0,0.0,0.0
C05235,1.0,1.0,1.0
C00071,1.0,0.0,0.0
C01753,1.0,0.0,0.0
C16424,1.0,0.0,0.0
C04442,1.0,0.0,0.0
C06860,1.0,0.0,0.0
C00750,1.0,1.0,1.0
C01536,1.0,1.0,1.0
C02280,1.0,0.0,0.0
C15527,1.0,0.0,0.0
C16426,1.0,0.0,0.0
C04002,1.0,0.0,0.0
C04453,1.0,0.0,0.0
C05421,1.0,0.0,0.0
C03722,1.0,1.0,1.0
C00098,1.0,0.0,0.0
C22112,1.0,0.0,0.0
C09820,1.0,0.0,0.0
C11348,1.0,0.0,0.0
C15789,1.0,0.0,0.0
C02323,1.0,0.0,0.0
C00100,1.0,1.0,1.0
C02336,1.0,1.0,1.0
C01724,1.0,0.0,1.0
C01789,1.0,0.0,0.0
C16162,1.0,1.0,1.0
C02166,1.0,1.0,1.0
C00568,1.0,0.0,0.0
C05985,1.0,0.0,0.0
C05665,1.0,1.0,1.0
C19851,1.0,0.0,0.0
C00143,1.0,1.0,1.0
C14152,1.0,1.0,1.0
C00266,1.0,1.0,1.0
C06201,1.0,0.0,0.0
C02631,1.0,0.0,0.0
C19618,1.0,0.0,0.0
C04133,1.0,0.0,0.0
C11521,1.0,0.0,0.0
C00531,1.0,0.0,0.0
C02763,1.0,0.0,0.0
C00184,1.0,1.0,1.0
C00049,1.0,1.0,1.0
C17439,1.0,0.0,0.0
C00463,1.0,0.0,0.0
C00836,1.0,1.0,1.0
C00356,1.0,1.0,1.0
C01281,1.0,0.0,0.0
C00106,1.0,1.0,1.0
C00131,1.0,1.0,1.0
C16471,1.0,0.0,0.0
C16245,1.0,0.0,0.0
C00806,1.0,1.0,1.0
C02679,1.0,1.0,1.0
C00282,1.0,0.0,1.0
C01898,1.0,0.0,0.0
C03684,1.0,1.0,1.0
C00661,1.0,1.0,1.0
C11525,1.0,0.0,0.0
C17712,1.0,0.0,0.0
C11548,1.0,0.0,0.0
C17068,1.0,0.0,0.0
C03964,1.0,0.0,0.0
C02850,1.0,0.0,0.0
C15100,1.0,0.0,0.0
C04155,1.0,0.0,0.0
C16181,1.0,0.0,0.0
C14042,1.0,0.0,0.0
C03754,1.0,0.0,0.0
C17160,1.0,0.0,0.0
C15966,1.0,0.0,0.0
C17205,1.0,0.0,0.0
C16045,1.0,0.0,0.0
C17209,1.0,0.0,0.0
C14563,1.0,0.0,0.0
C17059,1.0,0.0,0.0
C03753,1.0,0.0,0.0
C17053,1.0,0.0,0.0
C15112,1.0,0.0,0.0
C16209,1.0,0.0,0.0
C01448,1.0,0.0,0.0
C14578,1.0,0.0,0.0
C14580,1.0,0.0,0.0
C16051,1.0,0.0,0.0
C02096,1.0,0.0,0.0
C02069,1.0,0.0,0.0
C14791,1.0,0.0,0.0
C16014,1.0,0.0,0.0
C14630,1.0,0.0,0.0
C17495,1.0,0.0,0.0
C14585,1.0,0.0,0.0
C15766,1.0,0.0,0.0
C14584,1.0,0.0,0.0
C04156,1.0,0.0,0.0
C17161,1.0,0.0,0.0
C01505,1.0,0.0,0.0
C14610,1.0,0.0,0.0
C14232,1.0,0.0,0.0
C17158,1.0,0.0,0.0
C15767,1.0,0.0,0.0
C02975,1.0,0.0,0.0
C03341,1.0,0.0,0.0
C03343,1.0,0.0,0.0
C04831,1.0,0.0,0.0
C14631,1.0,0.0,0.0
C14570,1.0,0.0,0.0
C17513,1.0,0.0,0.0
C17515,1.0,0.0,0.0
C13700,1.0,0.0,0.0
C17003,1.0,0.0,0.0
C16208,1.0,0.0,0.0
C13635,1.0,0.0,0.0
C17125,1.0,0.0,0.0
C13974,1.0,0.0,0.0
C17072,1.0,0.0,0.0
C05197,1.0,0.0,0.0
C17214,1.0,0.0,0.0
C06260,1.0,0.0,0.0
C16107,1.0,0.0,0.0
C02756,1.0,0.0,0.0
C02758,1.0,0.0,0.0
C17092,1.0,0.0,0.0
C17019,1.0,0.0,0.0
C07017,1.0,0.0,0.0
C17069,1.0,0.0,0.0
C17017,1.0,0.0,0.0
C16754,1.0,0.0,0.0
C06740,1.0,0.0,0.0
C17120,1.0,0.0,0.0
C15329,1.0,0.0,0.0
C03300,1.0,0.0,0.0
C02097,1.0,0.0,0.0
C17409,1.0,0.0,0.0
C17113,1.0,0.0,0.0
C13563,1.0,0.0,0.0
C17111,1.0,0.0,0.0
C03755,1.0,0.0,0.0
C16299,1.0,0.0,0.0
C03750,1.0,0.0,0.0
C02104,1.0,0.0,0.0
C17064,1.0,0.0,0.0
C03309,1.0,0.0,0.0
C17206,1.0,0.0,0.0
C14545,1.0,0.0,0.0
C17765,1.0,0.0,0.0
C17711,1.0,0.0,0.0
C17713,1.0,0.0,0.0
C01572,1.0,0.0,0.0
C03431,1.0,0.0,0.0
C16449,1.0,0.0,0.0
C19771,1.0,0.0,0.0
C03658,1.0,0.0,0.0
C17498,1.0,0.0,0.0
C16340,1.0,0.0,0.0
C16207,1.0,0.0,0.0
C03721,1.0,0.0,0.0
C03302,1.0,0.0,0.0
C17101,1.0,0.0,0.0
C03462,1.0,0.0,0.0
C01683,1.0,0.0,0.0
C17052,1.0,0.0,0.0
C04566,1.0,0.0,0.0
C00419,1.0,0.0,0.0
C04157,1.0,0.0,0.0
C17162,1.0,0.0,0.0
C03986,1.0,0.0,0.0
C16212,1.0,0.0,0.0
C17091,1.0,0.0,0.0
C17148,1.0,0.0,0.0
C16087,1.0,0.0,0.0
C17163,1.0,0.0,0.0
C17512,1.0,0.0,0.0
C05947,1.0,1.0,1.0
C16677,1.0,1.0,1.0
C14729,1.0,0.0,0.0
C14381,1.0,0.0,0.0
C15633,1.0,0.0,0.0
C14633,1.0,0.0,0.0
C15581,1.0,0.0,0.0
C17002,1.0,0.0,0.0
C14903,1.0,0.0,0.0
C17010,1.0,0.0,0.0
C17126,1.0,0.0,0.0
C15948,1.0,0.0,0.0
C16690,1.0,0.0,0.0
C14568,1.0,0.0,0.0
C03548,1.0,0.0,0.0
C17071,1.0,0.0,0.0
C03329,1.0,0.0,0.0
C17124,1.0,0.0,0.0
C03319,1.0,0.0,1.0
C17210,1.0,0.0,0.0
C17827,1.0,0.0,0.0
C03130,1.0,0.0,0.0
C15863,1.0,0.0,0.0
C03149,1.0,0.0,0.0
C14654,1.0,0.0,0.0
C17516,1.0,0.0,0.0
C14049,1.0,0.0,0.0
C13774,1.0,0.0,0.0
C13660,1.0,0.0,0.0
C13636,1.0,0.0,0.0
C17018,1.0,0.0,0.0
C05320,1.0,0.0,0.0
C14849,1.0,1.0,0.0
C03299,1.0,0.0,1.0
C17063,1.0,0.0,0.0
C13557,1.0,0.0,0.0
C16459,1.0,0.0,0.0
C11549,1.0,0.0,0.0
C11547,1.0,0.0,0.0
C00695,0.0,1.0,1.0
C05141,0.0,1.0,1.0
C00468,0.0,1.0,1.0
C00234,0.0,1.0,1.0
C05584,0.0,1.0,1.0
C05581,0.0,1.0,1.0
C05587,0.0,1.0,1.0
C05488,0.0,1.0,1.0
C16216,0.0,1.0,1.0
C03205,0.0,1.0,1.0
C05965,0.0,1.0,1.0
C05696,0.0,1.0,1.0
C04225,0.0,1.0,1.0
C02225,0.0,1.0,0.0
C02912,0.0,1.0,1.0
C02917,0.0,1.0,1.0
C01368,0.0,1.0,1.0
C07058,0.0,1.0,1.0
C05966,0.0,1.0,1.0
C05639,0.0,1.0,0.0
C05138,0.0,1.0,1.0
C05637,0.0,1.0,0.0
C01176,0.0,1.0,1.0
C05580,0.0,1.0,1.0
C01161,0.0,1.0,1.0
C01060,0.0,1.0,0.0
C18170,0.0,1.0,0.0
C00618,0.0,1.0,1.0
C00632,0.0,1.0,0.0
C03561,0.0,1.0,1.0
C05262,0.0,1.0,1.0
C01673,0.0,1.0,1.0
C02918,0.0,1.0,1.0
C06178,0.0,1.0,0.0
C02355,0.0,1.0,1.0
C07712,0.0,1.0,1.0
C02235,0.0,1.0,1.0
C01561,0.0,1.0,1.0
C03557,0.0,1.0,1.0
C03508,0.0,1.0,0.0
C00672,0.0,1.0,1.0
C05984,0.0,1.0,1.0
C05636,0.0,1.0,1.0
C01181,0.0,1.0,1.0
C04185,0.0,1.0,1.0
C02515,0.0,1.0,0.0
C05583,0.0,1.0,1.0
C21028,0.0,1.0,1.0
C00429,0.0,1.0,1.0
C05828,0.0,1.0,1.0
C17938,0.0,1.0,1.0
C05356,0.0,1.0,1.0
C05827,0.0,1.0,1.0
C03917,0.0,1.0,1.0
C01061,0.0,1.0,1.0
C01241,0.0,1.0,1.0
C01601,0.0,1.0,1.0
C01747,0.0,1.0,1.0
C00642,0.0,1.0,1.0
C01836,0.0,1.0,1.0
C02147,0.0,1.0,1.0
C02356,0.0,1.0,1.0
C02442,0.0,1.0,1.0
C00664,0.0,1.0,0.0
C03479,0.0,1.0,1.0
C03680,0.0,1.0,0.0
C02528,0.0,1.0,1.0
C02744,0.0,1.0,1.0
C02373,0.0,1.0,1.0
C03405,0.0,1.0,1.0
C05648,0.0,1.0,0.0
C01017,0.0,1.0,1.0
C03413,0.0,1.0,1.0
C05651,0.0,1.0,1.0
C03681,0.0,1.0,1.0
C03693,0.0,1.0,1.0
C05638,0.0,1.0,1.0
C04188,0.0,1.0,1.0
C03958,0.0,1.0,0.0
C04295,0.0,1.0,1.0
C04582,0.0,1.0,1.0
C04308,0.0,1.0,1.0
C04717,0.0,1.0,1.0
C04805,0.0,1.0,1.0
C00847,0.0,1.0,1.0
C04843,0.0,1.0,0.0
C08261,0.0,1.0,1.0
C04849,0.0,1.0,1.0
C08276,0.0,1.0,1.0
C09209,0.0,1.0,1.0
C09640,0.0,1.0,1.0
C05284,0.0,1.0,1.0
C09642,0.0,1.0,1.0
C10164,0.0,1.0,1.0
C11304,0.0,1.0,1.0
C05298,0.0,1.0,1.0
C11695,0.0,1.0,1.0
C14497,0.0,1.0,1.0
C05299,0.0,1.0,1.0
C05300,0.0,1.0,1.0
C13856,0.0,1.0,1.0
C05301,0.0,1.0,1.0
C05302,0.0,1.0,1.0
C14768,0.0,1.0,1.0
C05708,0.0,1.0,1.0
C14769,0.0,1.0,1.0
C05769,0.0,1.0,0.0
C05957,0.0,1.0,1.0
C14770,0.0,1.0,1.0
C06199,0.0,1.0,1.0
C14771,0.0,1.0,1.0
C14825,0.0,1.0,0.0
C06314,0.0,1.0,0.0
C14826,0.0,1.0,0.0
C06315,0.0,1.0,1.0
C06350,0.0,1.0,1.0
C06453,0.0,1.0,0.0
C06948,0.0,1.0,0.0
C14851,0.0,1.0,0.0
C07486,0.0,1.0,0.0
C07535,0.0,1.0,1.0
C03738,0.0,1.0,1.0
C19440,0.0,1.0,1.0
C21797,0.0,1.0,1.0
C20388,0.0,1.0,0.0
C01607,0.0,1.0,1.0
C15668,0.0,1.0,1.0
"C01301, C04722",0.0,1.0,1.0
C20827,0.0,1.0,1.0
C14828,0.0,1.0,0.0
C17333,0.0,1.0,1.0
C14829,0.0,1.0,0.0
C16526,0.0,1.0,1.0
C04853,0.0,1.0,1.0
C14732,0.0,1.0,0.0
C05964,0.0,1.0,1.0
C01073,0.0,1.0,1.0
C15560,0.0,1.0,1.0
C15493,0.0,1.0,1.0
C21015,0.0,1.0,1.0
"C16489, C20979",0.0,1.0,1.0
C16679,0.0,1.0,1.0
C03852,0.0,1.0,1.0
C13712,0.0,1.0,1.0
C07639,0.0,1.0,1.0
C17335,0.0,1.0,1.0
C16217,0.0,1.0,1.0
"C01096, C02888",0.0,1.0,0.0
C20157,0.0,1.0,1.0
C11361,0.0,1.0,1.0
C16135,0.0,1.0,1.0
C19697,0.0,1.0,1.0
C15855,0.0,1.0,0.0
C05949,0.0,1.0,1.0
C22358,0.0,1.0,1.0
C13713,0.0,1.0,1.0
C22357,0.0,1.0,1.0
"C16166, C16170, C16173",0.0,1.0,1.0
"C22357, C22358",0.0,1.0,1.0
C17755,0.0,1.0,1.0
"C01301, C04554, C04722, C05445, C05446, C05453",0.0,1.0,0.0
C15614,0.0,1.0,0.0
C05958,0.0,1.0,1.0
C14717,0.0,1.0,1.0
C03264,0.0,1.0,1.0
C00777,0.0,1.0,1.0
C16845,0.0,1.0,1.0
C16238,0.0,1.0,0.0
C17756,0.0,1.0,1.0
C07338,0.0,1.0,1.0
C15868,0.0,1.0,1.0
C05956,0.0,1.0,1.0
"C00427, C00584, C00696, C01312, C06438, C06439, C06475, C13802",0.0,1.0,0.0
C05585,0.0,1.0,1.0
C14775,0.0,1.0,1.0
C18177,0.0,1.0,1.0
C05711,0.0,1.0,1.0
C05922,0.0,1.0,1.0
C18279,0.0,1.0,0.0
C05923,0.0,1.0,1.0
C05983,0.0,1.0,1.0
C18278,0.0,1.0,0.0
C05993,0.0,1.0,1.0
C06114,0.0,1.0,1.0
C06148,0.0,1.0,1.0
C18175,0.0,1.0,1.0
C19174,0.0,1.0,1.0
C10905,0.0,1.0,0.0
C13482,0.0,1.0,1.0
C19488,0.0,1.0,1.0
C13802,0.0,1.0,1.0
C19489,0.0,1.0,1.0
C06439,0.0,1.0,0.0
C19490,0.0,1.0,1.0
C06475,0.0,1.0,1.0
C19559,0.0,1.0,1.0
C02314,0.0,1.0,1.0
C00252,0.0,1.0,1.0
C00383,0.0,1.0,1.0
C00628,0.0,1.0,1.0
C00884,0.0,1.0,1.0
C00940,0.0,1.0,1.0
C01097,0.0,1.0,1.0
C01210,0.0,1.0,1.0
C01721,0.0,1.0,1.0
C02170,0.0,1.0,1.0
C02512,0.0,1.0,1.0
C03410,0.0,1.0,0.0
C05963,0.0,1.0,1.0
C03691,0.0,1.0,0.0
C03785,0.0,1.0,1.0
C04079,0.0,1.0,1.0
C00612,0.0,1.0,1.0
C03990,0.0,1.0,1.0
C04244,0.0,1.0,1.0
C02567,0.0,1.0,1.0
C02592,0.0,1.0,1.0
C01042,0.0,1.0,1.0
C15557,0.0,1.0,1.0
C07880,0.0,1.0,1.0
C05396,0.0,1.0,1.0
C05401,0.0,1.0,1.0
C16868,0.0,1.0,1.0
C05403,0.0,1.0,1.0
C11301,0.0,1.0,1.0
C03642,0.0,1.0,1.0
C04685,0.0,1.0,1.0
C05953,0.0,1.0,1.0
C00959,0.0,1.0,1.0
C05954,0.0,1.0,1.0
C04686,0.0,1.0,1.0
C05955,0.0,1.0,1.0
"C00427, C00584, C00696, C01312, C06438, C06439, C13802",0.0,1.0,1.0
C18060,0.0,1.0,1.0
C22477,0.0,1.0,0.0
C00532,0.0,1.0,1.0
C01551,0.0,1.0,1.0
C06104,0.0,1.0,1.0
C14143,0.0,1.0,1.0
C01996,0.0,1.0,1.0
C06192,0.0,1.0,0.0
C03824,0.0,1.0,1.0
C03246,0.0,1.0,1.0
C00645,0.0,1.0,1.0
C04257,0.0,1.0,1.0
C16527,0.0,1.0,1.0
C22486,0.0,1.0,0.0
C19910,0.0,1.0,1.0
C02220,0.0,1.0,1.0
C00788,0.0,1.0,1.0
C00280,0.0,1.0,1.0
C06241,0.0,1.0,1.0
C06800,0.0,1.0,1.0
C00523,0.0,1.0,1.0
C11135,0.0,1.0,1.0
C11136,0.0,1.0,1.0
C02571,0.0,1.0,1.0
C13244,0.0,1.0,1.0
C02759,0.0,1.0,1.0
C00402,0.0,1.0,1.0
C01658,0.0,1.0,1.0
C09880,0.0,1.0,1.0
C06197,0.0,1.0,0.0
C04042,0.0,1.0,1.0
C02714,0.0,1.0,1.0
C14153,0.0,1.0,1.0
C00992,0.0,1.0,1.0
C11476,0.0,1.0,1.0
C01586,0.0,1.0,1.0
C01089,0.0,1.0,1.0
C05787,0.0,1.0,1.0
C00993,0.0,1.0,1.0
C03374,0.0,1.0,1.0
C00486,0.0,1.0,1.0
C05552,0.0,1.0,1.0
C01780,0.0,1.0,1.0
C15613,0.0,1.0,1.0
C02862,0.0,1.0,1.0
C18043,0.0,1.0,1.0
C02838,0.0,1.0,1.0
C05980,0.0,1.0,1.0
C16513,0.0,1.0,1.0
C00195,0.0,1.0,1.0
C00386,0.0,1.0,1.0
C05673,0.0,1.0,1.0
C00318,0.0,1.0,1.0
C00964,0.0,1.0,1.0
C00791,0.0,1.0,1.0
C00735,0.0,1.0,1.0
C00541,0.0,1.0,1.0
C02140,0.0,1.0,1.0
C05674,0.0,1.0,1.0
C18230,0.0,1.0,1.0
C04409,0.0,1.0,1.0
C00237,0.0,1.0,1.0
C04537,0.0,1.0,0.0
C13650,0.0,1.0,1.0
C05466,0.0,1.0,1.0
C00380,0.0,1.0,1.0
C01026,0.0,1.0,1.0
C00330,0.0,1.0,1.0
C00268,0.0,1.0,1.0
C04554,0.0,1.0,1.0
C08316,0.0,1.0,1.0
C04644,0.0,1.0,1.0
C12126,0.0,1.0,1.0
C04483,0.0,1.0,1.0
C05422,0.0,1.0,1.0
C05337,0.0,1.0,1.0
C01246,0.0,1.0,0.0
C01227,0.0,1.0,1.0
C04555,0.0,1.0,1.0
C06205,0.0,1.0,0.0
C00881,0.0,1.0,1.0
C01801,0.0,1.0,1.0
C05223,0.0,1.0,1.0
C06126,0.0,1.0,1.0
C01119,0.0,1.0,0.0
C00265,0.0,1.0,0.0
C15650,0.0,1.0,1.0
C01712,0.0,1.0,1.0
C00526,0.0,1.0,1.0
C00543,0.0,1.0,0.0
C13008,0.0,1.0,1.0
C02045,0.0,1.0,1.0
C00951,0.0,1.0,1.0
C05503,0.0,1.0,1.0
C19586,0.0,1.0,1.0
C05504,0.0,1.0,1.0
C00439,0.0,1.0,0.0
C00798,0.0,1.0,0.0
C11133,0.0,1.0,1.0
C02538,0.0,1.0,1.0
C05647,0.0,1.0,0.0
C01697,0.0,1.0,1.0
C08349,0.0,1.0,1.0
C03272,0.0,1.0,1.0
C01921,0.0,1.0,1.0
C05642,0.0,1.0,1.0
C00504,0.0,1.0,1.0
C05385,0.0,1.0,1.0
C06133,0.0,1.0,1.0
C02514,0.0,1.0,0.0
C06138,0.0,1.0,1.0
C14209,0.0,1.0,1.0
C21931,0.0,1.0,1.0
C02037,0.0,1.0,1.0
C00581,0.0,1.0,0.0
C05582,0.0,1.0,1.0
C01146,0.0,1.0,0.0
C00168,0.0,1.0,1.0
C04248,0.0,1.0,1.0
C04794,0.0,1.0,1.0
C09315,0.0,1.0,1.0
C05590,0.0,1.0,1.0
C00311,0.0,1.0,1.0
C00331,0.0,1.0,0.0
C01382,0.0,1.0,0.0
C20826,0.0,1.0,1.0
C00937,0.0,1.0,1.0
C00424,0.0,1.0,1.0
C00909,0.0,1.0,1.0
C16241,0.0,1.0,1.0
C16160,0.0,1.0,1.0
C05952,0.0,1.0,1.0
C11332,0.0,1.0,1.0
C08320,0.0,1.0,1.0
C16529,0.0,1.0,1.0
C00521,0.0,1.0,1.0
C05860,0.0,1.0,0.0
C05588,0.0,1.0,1.0
C05761,0.0,1.0,1.0
C05823,0.0,1.0,1.0
C19653,0.0,1.0,1.0
C05412,0.0,1.0,1.0
C00445,0.0,1.0,1.0
C05864,0.0,1.0,0.0
C01029,0.0,1.0,1.0
C04062,0.0,1.0,1.0
C04593,0.0,1.0,1.0
C00533,0.0,1.0,1.0
C05589,0.0,1.0,0.0
C00829,0.0,1.0,1.0
C00218,0.0,1.0,0.0
C03012,0.0,1.0,0.0
C00209,0.0,1.0,1.0
C01444,0.0,1.0,1.0
C22281,0.0,1.0,1.0
C05933,0.0,1.0,1.0
C04500,0.0,1.0,0.0
C05653,0.0,1.0,1.0
C07266,0.0,1.0,1.0
C02723,0.0,1.0,0.0
C06212,0.0,1.0,0.0
C00157,0.0,1.0,1.0
C04148,0.0,1.0,1.0
C16741,0.0,1.0,1.0
C07324,0.0,1.0,1.0
C16740,0.0,1.0,1.0
C02774,0.0,1.0,1.0
C03017,0.0,1.0,1.0
C03366,0.0,1.0,0.0
C16678,0.0,1.0,1.0
C07711,0.0,1.0,1.0
C02059,0.0,1.0,0.0
C00350,0.0,1.0,1.0
C04654,0.0,1.0,0.0
C00696,0.0,1.0,1.0
C04741,0.0,1.0,1.0
C00584,0.0,1.0,1.0
C00639,0.0,1.0,1.0
C00427,0.0,1.0,1.0
"C02452, C22272",0.0,1.0,1.0
C02990,0.0,1.0,1.0
C01312,0.0,1.0,1.0
C16682,0.0,1.0,1.0
C00899,0.0,1.0,1.0
C19962,0.0,1.0,1.0
C02737,0.0,1.0,1.0
C16537,0.0,1.0,1.0
C11526,0.0,1.0,1.0
C00831,0.0,1.0,1.0
C01953,0.0,1.0,1.0
C18044,0.0,1.0,1.0
C00410,0.0,1.0,1.0
C11378,0.0,1.0,1.0
C00763,0.0,1.0,1.0
C11499,0.0,1.0,1.0
C02110,0.0,1.0,1.0
C16681,0.0,1.0,1.0
C05692,0.0,1.0,1.0
C05691,0.0,1.0,1.0
C08277,0.0,1.0,1.0
C03640,0.0,1.0,1.0
C05463,0.0,1.0,1.0
C00740,0.0,1.0,1.0
C00342,0.0,1.0,1.0
C04722,0.0,1.0,1.0
C00535,0.0,1.0,1.0
C11134,0.0,1.0,1.0
C08278,0.0,1.0,1.0
C03028,0.0,1.0,1.0
C08322,0.0,1.0,0.0
C00089,0.0,1.0,1.0
C01620,0.0,1.0,1.0
C00178,0.0,1.0,1.0
C02198,0.0,1.0,1.0
"C01097, C03384, C06312, C22459",0.0,1.0,0.0
C00214,0.0,1.0,1.0
C00795,0.0,1.0,0.0
C00245,0.0,1.0,1.0
C03793,0.0,1.0,1.0
C07394,0.0,1.0,1.0
C05122,0.0,1.0,1.0
C07148,0.0,1.0,1.0
C00203,0.0,1.0,1.0
C05465,0.0,1.0,1.0
C03845,0.0,1.0,0.0
C05441,0.0,1.0,1.0
C05443,0.0,1.0,1.0
C14748,0.0,1.0,0.0
C08317,0.0,1.0,1.0
C05294,0.0,1.0,1.0
C15610,0.0,1.0,1.0
"C03594, C05500, C06341, C15519, C22446",0.0,1.0,0.0
C05452,0.0,1.0,1.0
C05445,0.0,1.0,1.0
C05444,0.0,1.0,1.0
C05451,0.0,1.0,0.0
C05455,0.0,1.0,1.0
C17339,0.0,1.0,1.0
C05453,0.0,1.0,0.0
C02530,0.0,1.0,1.0
C05446,0.0,1.0,1.0
C15518,0.0,1.0,1.0
C15520,0.0,1.0,1.0
C06341,0.0,1.0,1.0
C05454,0.0,1.0,1.0
C00181,0.0,1.0,1.0
C02266,0.0,1.0,0.0
C05411,0.0,1.0,1.0
C00379,0.0,1.0,1.0
C00229,0.0,0.0,1.0
"C05258, C05260, C16217",0.0,0.0,1.0
C01013,0.0,0.0,1.0
C11455,0.0,0.0,1.0
C01041,0.0,0.0,1.0
"C05261, C16529",0.0,0.0,1.0
C15872,0.0,0.0,1.0
C15865,0.0,0.0,1.0
"C14849, C14850, C14851, C18286",0.0,0.0,1.0
C00996,0.0,0.0,1.0
C00999,0.0,0.0,1.0
C05464,0.0,0.0,1.0
C06438,0.0,0.0,1.0
"C06439, C13802",0.0,0.0,1.0
"C02528, C17660, C17664",0.0,0.0,1.0
"C02700, C15605",0.0,0.0,1.0
C02403,0.0,0.0,1.0
C05551,0.0,0.0,1.0
C03372,0.0,0.0,1.0
C03201,0.0,0.0,1.0
C04317,0.0,0.0,1.0
C03968,0.0,0.0,1.0
C03715,0.0,0.0,1.0
C02960,0.0,0.0,1.0
C04756,0.0,0.0,1.0
C17435,0.0,0.0,1.0
C05447,0.0,0.0,1.0
C16531,0.0,0.0,1.0
C19625,0.0,0.0,1.0
C02678,0.0,0.0,1.0
C00381,0.0,0.0,1.0
C00688,0.0,0.0,1.0
"C00446, C00668, C01171, C03811",0.0,0.0,1.0
C01288,0.0,0.0,1.0
C19615,0.0,0.0,1.0
C06462,0.0,0.0,1.0
C19623,0.0,0.0,1.0
"C04637, C11554, C11556",0.0,0.0,1.0
"C01277, C04549, C11557",0.0,0.0,1.0
C00309,0.0,0.0,1.0
"C02110, C16681",0.0,0.0,1.0
C21007,0.0,0.0,1.0
C01301,0.0,0.0,1.0
"C05500, C05502, C15519, C22446, C22447",0.0,0.0,1.0
C00310,0.0,0.0,1.0
C00312,0.0,0.0,1.0
C06804,0.0,0.0,1.0
C07599,0.0,0.0,1.0
C01844,0.0,0.0,1.0
C07014,0.0,0.0,1.0
C07966,0.0,0.0,1.0
C13334,0.0,0.0,1.0
C05086,0.0,0.0,1.0
C07524,0.0,0.0,1.0
C07072,0.0,0.0,1.0
C15554,0.0,0.0,1.0
C01375,0.0,0.0,1.0
